inspection_id,inspection_date,supplier_id,component_id,process,characteristic,nominal,lsl,usl,unit,measured_value,in_spec,defect_flag,defect_category,severity,detection_method,batch_id
INS-00001,2026-01-05,SUP-001,CMP-101,CNC Turning,Journal Diameter,25.0,24.98,25.02,mm,24.997,1,0,,,Goods-in inspection,B-101-001-W01
INS-00002,2026-01-05,SUP-001,CMP-101,CNC Turning,Journal Diameter,25.0,24.98,25.02,mm,24.9922,1,0,,,Goods-in inspection,B-101-001-W01
INS-00003,2026-01-05,SUP-001,CMP-101,CNC Turning,Journal Diameter,25.0,24.98,25.02,mm,25.0033,1,0,,,Goods-in inspection,B-101-001-W01
INS-00015,2026-01-05,SUP-002,CMP-101,CNC Turning,Journal Diameter,25.0,24.98,25.02,mm,24.9942,1,0,,,Goods-in inspection,B-101-002-W01
INS-00018,2026-01-05,SUP-003,CMP-102,CNC Milling,Bore Diameter,60.0,59.95,60.05,mm,59.9945,1,0,,,Goods-in inspection,B-102-003-W01
INS-00019,2026-01-05,SUP-003,CMP-102,CNC Milling,Bore Diameter,60.0,59.95,60.05,mm,60.0088,1,0,,,Goods-in inspection,B-102-003-W01
INS-00027,2026-01-05,SUP-002,CMP-103,CNC Milling,Hub Thickness,8.0,7.97,8.03,mm,7.9997,1,0,,,Goods-in inspection,B-103-002-W01
INS-00028,2026-01-05,SUP-002,CMP-103,CNC Milling,Hub Thickness,8.0,7.97,8.03,mm,8.0021,1,0,,,Goods-in inspection,B-103-002-W01
INS-00035,2026-01-05,SUP-004,CMP-104,Cylindrical Grinding,Bore Diameter,42.0,41.975,42.025,mm,41.9958,1,0,,,Goods-in inspection,B-104-004-W01
INS-00036,2026-01-05,SUP-004,CMP-104,Cylindrical Grinding,Bore Diameter,42.0,41.975,42.025,mm,42.0035,1,0,,,Goods-in inspection,B-104-004-W01
INS-00043,2026-01-05,SUP-001,CMP-104,Cylindrical Grinding,Bore Diameter,42.0,41.975,42.025,mm,42.0037,1,0,,,Goods-in inspection,B-104-001-W01
INS-00047,2026-01-05,SUP-005,CMP-105,Cylindrical Grinding,Pitch Diameter,18.0,17.985,18.015,mm,17.9968,1,0,,,Goods-in inspection,B-105-005-W01
INS-00048,2026-01-05,SUP-005,CMP-105,Cylindrical Grinding,Pitch Diameter,18.0,17.985,18.015,mm,18.0006,1,0,,,Goods-in inspection,B-105-005-W01
INS-00056,2026-01-05,SUP-004,CMP-106,CNC Milling,Oil Port Position,12.0,11.96,12.04,mm,12.0086,1,0,,,Goods-in inspection,B-106-004-W01
INS-00057,2026-01-05,SUP-004,CMP-106,CNC Milling,Oil Port Position,12.0,11.96,12.04,mm,11.9986,1,0,,,Goods-in inspection,B-106-004-W01
INS-00063,2026-01-05,SUP-003,CMP-106,CNC Milling,Oil Port Position,12.0,11.96,12.04,mm,12.02,1,0,,,Goods-in inspection,B-106-003-W01
INS-00064,2026-01-05,SUP-003,CMP-106,CNC Milling,Oil Port Position,12.0,11.96,12.04,mm,12.0162,1,0,,,Goods-in inspection,B-106-003-W01
INS-00004,2026-01-06,SUP-001,CMP-101,CNC Turning,Journal Diameter,25.0,24.98,25.02,mm,24.9991,1,0,,,Goods-in inspection,B-101-001-W01
INS-00005,2026-01-06,SUP-001,CMP-101,CNC Turning,Journal Diameter,25.0,24.98,25.02,mm,24.9993,1,0,,,Goods-in inspection,B-101-001-W01
INS-00006,2026-01-06,SUP-001,CMP-101,CNC Turning,Journal Diameter,25.0,24.98,25.02,mm,25.0037,1,0,,,Goods-in inspection,B-101-001-W01
INS-00016,2026-01-06,SUP-002,CMP-101,CNC Turning,Journal Diameter,25.0,24.98,25.02,mm,24.9974,1,0,,,Goods-in inspection,B-101-002-W01
INS-00020,2026-01-06,SUP-003,CMP-102,CNC Milling,Bore Diameter,60.0,59.95,60.05,mm,60.0046,1,0,,,Goods-in inspection,B-102-003-W01
INS-00021,2026-01-06,SUP-003,CMP-102,CNC Milling,Bore Diameter,60.0,59.95,60.05,mm,59.9902,1,0,,,Goods-in inspection,B-102-003-W01
INS-00029,2026-01-06,SUP-002,CMP-103,CNC Milling,Hub Thickness,8.0,7.97,8.03,mm,7.9956,1,0,,,Goods-in inspection,B-103-002-W01
INS-00030,2026-01-06,SUP-002,CMP-103,CNC Milling,Hub Thickness,8.0,7.97,8.03,mm,7.9921,1,0,,,Goods-in inspection,B-103-002-W01
INS-00037,2026-01-06,SUP-004,CMP-104,Cylindrical Grinding,Bore Diameter,42.0,41.975,42.025,mm,41.9953,1,0,,,Goods-in inspection,B-104-004-W01
INS-00038,2026-01-06,SUP-004,CMP-104,Cylindrical Grinding,Bore Diameter,42.0,41.975,42.025,mm,41.9988,1,0,,,Goods-in inspection,B-104-004-W01
INS-00044,2026-01-06,SUP-001,CMP-104,Cylindrical Grinding,Bore Diameter,42.0,41.975,42.025,mm,41.9886,1,0,,,Goods-in inspection,B-104-001-W01
INS-00049,2026-01-06,SUP-005,CMP-105,Cylindrical Grinding,Pitch Diameter,18.0,17.985,18.015,mm,17.9994,1,0,,,Goods-in inspection,B-105-005-W01
INS-00050,2026-01-06,SUP-005,CMP-105,Cylindrical Grinding,Pitch Diameter,18.0,17.985,18.015,mm,18.0014,1,0,,,Goods-in inspection,B-105-005-W01
INS-00058,2026-01-06,SUP-004,CMP-106,CNC Milling,Oil Port Position,12.0,11.96,12.04,mm,12.0148,1,0,,,Goods-in inspection,B-106-004-W01
INS-00065,2026-01-06,SUP-003,CMP-106,CNC Milling,Oil Port Position,12.0,11.96,12.04,mm,11.9655,1,0,,,Goods-in inspection,B-106-003-W01
INS-00007,2026-01-07,SUP-001,CMP-101,CNC Turning,Journal Diameter,25.0,24.98,25.02,mm,25.0002,1,0,,,Goods-in inspection,B-101-001-W01
INS-00008,2026-01-07,SUP-001,CMP-101,CNC Turning,Journal Diameter,25.0,24.98,25.02,mm,25.0012,1,0,,,Goods-in inspection,B-101-001-W01
INS-00009,2026-01-07,SUP-001,CMP-101,CNC Turning,Journal Diameter,25.0,24.98,25.02,mm,24.9987,1,0,,,Goods-in inspection,B-101-001-W01
INS-00022,2026-01-07,SUP-003,CMP-102,CNC Milling,Bore Diameter,60.0,59.95,60.05,mm,60.0101,1,0,,,Goods-in inspection,B-102-003-W01
INS-00023,2026-01-07,SUP-003,CMP-102,CNC Milling,Bore Diameter,60.0,59.95,60.05,mm,60.0323,1,0,,,Goods-in inspection,B-102-003-W01
INS-00031,2026-01-07,SUP-002,CMP-103,CNC Milling,Hub Thickness,8.0,7.97,8.03,mm,7.9888,1,0,,,Goods-in inspection,B-103-002-W01
INS-00039,2026-01-07,SUP-004,CMP-104,Cylindrical Grinding,Bore Diameter,42.0,41.975,42.025,mm,41.9948,1,0,,,Goods-in inspection,B-104-004-W01
INS-00045,2026-01-07,SUP-001,CMP-104,Cylindrical Grinding,Bore Diameter,42.0,41.975,42.025,mm,41.9925,1,0,,,Goods-in inspection,B-104-001-W01
INS-00051,2026-01-07,SUP-005,CMP-105,Cylindrical Grinding,Pitch Diameter,18.0,17.985,18.015,mm,18.0026,1,0,,,Goods-in inspection,B-105-005-W01
INS-00052,2026-01-07,SUP-005,CMP-105,Cylindrical Grinding,Pitch Diameter,18.0,17.985,18.015,mm,18.005,1,0,,,Goods-in inspection,B-105-005-W01
INS-00059,2026-01-07,SUP-004,CMP-106,CNC Milling,Oil Port Position,12.0,11.96,12.04,mm,12.0186,1,0,,,Goods-in inspection,B-106-004-W01
INS-00060,2026-01-07,SUP-004,CMP-106,CNC Milling,Oil Port Position,12.0,11.96,12.04,mm,12.0212,1,0,,,Goods-in inspection,B-106-004-W01
INS-00066,2026-01-07,SUP-003,CMP-106,CNC Milling,Oil Port Position,12.0,11.96,12.04,mm,11.9779,1,0,,,Goods-in inspection,B-106-003-W01
INS-00010,2026-01-08,SUP-001,CMP-101,CNC Turning,Journal Diameter,25.0,24.98,25.02,mm,24.9999,1,0,,,Goods-in inspection,B-101-001-W01
INS-00011,2026-01-08,SUP-001,CMP-101,CNC Turning,Journal Diameter,25.0,24.98,25.02,mm,24.9984,1,0,,,Goods-in inspection,B-101-001-W01
INS-00012,2026-01-08,SUP-001,CMP-101,CNC Turning,Journal Diameter,25.0,24.98,25.02,mm,24.9995,1,0,,,Goods-in inspection,B-101-001-W01
INS-00017,2026-01-08,SUP-002,CMP-101,CNC Turning,Journal Diameter,25.0,24.98,25.02,mm,25.004,1,0,,,Goods-in inspection,B-101-002-W01
INS-00024,2026-01-08,SUP-003,CMP-102,CNC Milling,Bore Diameter,60.0,59.95,60.05,mm,60.0375,1,0,,,Goods-in inspection,B-102-003-W01
INS-00025,2026-01-08,SUP-003,CMP-102,CNC Milling,Bore Diameter,60.0,59.95,60.05,mm,59.9911,1,0,,,Goods-in inspection,B-102-003-W01
INS-00032,2026-01-08,SUP-002,CMP-103,CNC Milling,Hub Thickness,8.0,7.97,8.03,mm,8.0099,1,0,,,Goods-in inspection,B-103-002-W01
INS-00033,2026-01-08,SUP-002,CMP-103,CNC Milling,Hub Thickness,8.0,7.97,8.03,mm,8.0019,1,0,,,Goods-in inspection,B-103-002-W01
INS-00040,2026-01-08,SUP-004,CMP-104,Cylindrical Grinding,Bore Diameter,42.0,41.975,42.025,mm,41.9955,1,0,,,Goods-in inspection,B-104-004-W01
INS-00041,2026-01-08,SUP-004,CMP-104,Cylindrical Grinding,Bore Diameter,42.0,41.975,42.025,mm,42.0036,1,0,,,Goods-in inspection,B-104-004-W01
INS-00046,2026-01-08,SUP-001,CMP-104,Cylindrical Grinding,Bore Diameter,42.0,41.975,42.025,mm,42.0114,1,0,,,Goods-in inspection,B-104-001-W01
INS-00053,2026-01-08,SUP-005,CMP-105,Cylindrical Grinding,Pitch Diameter,18.0,17.985,18.015,mm,17.9921,1,0,,,Goods-in inspection,B-105-005-W01
INS-00054,2026-01-08,SUP-005,CMP-105,Cylindrical Grinding,Pitch Diameter,18.0,17.985,18.015,mm,17.9984,1,0,,,Goods-in inspection,B-105-005-W01
INS-00061,2026-01-08,SUP-004,CMP-106,CNC Milling,Oil Port Position,12.0,11.96,12.04,mm,11.9921,1,0,,,Goods-in inspection,B-106-004-W01
INS-00067,2026-01-08,SUP-003,CMP-106,CNC Milling,Oil Port Position,12.0,11.96,12.04,mm,11.9974,1,0,,,Goods-in inspection,B-106-003-W01
INS-00013,2026-01-09,SUP-001,CMP-101,CNC Turning,Journal Diameter,25.0,24.98,25.02,mm,25.0033,1,0,,,Goods-in inspection,B-101-001-W01
INS-00014,2026-01-09,SUP-001,CMP-101,CNC Turning,Journal Diameter,25.0,24.98,25.02,mm,24.9974,1,0,,,Goods-in inspection,B-101-001-W01
INS-00026,2026-01-09,SUP-003,CMP-102,CNC Milling,Bore Diameter,60.0,59.95,60.05,mm,60.0133,1,0,,,Goods-in inspection,B-102-003-W01
INS-00034,2026-01-09,SUP-002,CMP-103,CNC Milling,Hub Thickness,8.0,7.97,8.03,mm,8.0012,1,0,,,Goods-in inspection,B-103-002-W01
INS-00042,2026-01-09,SUP-004,CMP-104,Cylindrical Grinding,Bore Diameter,42.0,41.975,42.025,mm,41.991,1,0,,,Goods-in inspection,B-104-004-W01
INS-00055,2026-01-09,SUP-005,CMP-105,Cylindrical Grinding,Pitch Diameter,18.0,17.985,18.015,mm,18.0069,1,0,,,Goods-in inspection,B-105-005-W01
INS-00062,2026-01-09,SUP-004,CMP-106,CNC Milling,Oil Port Position,12.0,11.96,12.04,mm,11.9917,1,0,,,Goods-in inspection,B-106-004-W01
INS-00068,2026-01-09,SUP-003,CMP-106,CNC Milling,Oil Port Position,12.0,11.96,12.04,mm,12.0133,1,0,,,Goods-in inspection,B-106-003-W01
INS-00069,2026-01-12,SUP-001,CMP-101,CNC Turning,Journal Diameter,25.0,24.98,25.02,mm,25.0029,1,0,,,Goods-in inspection,B-101-001-W02
INS-00070,2026-01-12,SUP-001,CMP-101,CNC Turning,Journal Diameter,25.0,24.98,25.02,mm,25.0013,1,0,,,Goods-in inspection,B-101-001-W02
INS-00071,2026-01-12,SUP-001,CMP-101,CNC Turning,Journal Diameter,25.0,24.98,25.02,mm,24.9994,1,0,,,Goods-in inspection,B-101-001-W02
INS-00083,2026-01-12,SUP-002,CMP-101,CNC Turning,Journal Diameter,25.0,24.98,25.02,mm,24.9971,1,0,,,Goods-in inspection,B-101-002-W02
INS-00086,2026-01-12,SUP-003,CMP-102,CNC Milling,Bore Diameter,60.0,59.95,60.05,mm,60.018,1,0,,,Goods-in inspection,B-102-003-W02
INS-00087,2026-01-12,SUP-003,CMP-102,CNC Milling,Bore Diameter,60.0,59.95,60.05,mm,59.9993,1,0,,,Goods-in inspection,B-102-003-W02
INS-00095,2026-01-12,SUP-002,CMP-103,CNC Milling,Hub Thickness,8.0,7.97,8.03,mm,8.0018,1,1,Surface finish,Minor,Final inspection,B-103-002-W02
INS-00096,2026-01-12,SUP-002,CMP-103,CNC Milling,Hub Thickness,8.0,7.97,8.03,mm,8.0057,1,0,,,Goods-in inspection,B-103-002-W02
INS-00103,2026-01-12,SUP-004,CMP-104,Cylindrical Grinding,Bore Diameter,42.0,41.975,42.025,mm,41.9926,1,0,,,Goods-in inspection,B-104-004-W02
INS-00104,2026-01-12,SUP-004,CMP-104,Cylindrical Grinding,Bore Diameter,42.0,41.975,42.025,mm,41.996,1,0,,,Goods-in inspection,B-104-004-W02
INS-00111,2026-01-12,SUP-001,CMP-104,Cylindrical Grinding,Bore Diameter,42.0,41.975,42.025,mm,42.0028,1,0,,,Goods-in inspection,B-104-001-W02
INS-00115,2026-01-12,SUP-005,CMP-105,Cylindrical Grinding,Pitch Diameter,18.0,17.985,18.015,mm,17.9956,1,0,,,Goods-in inspection,B-105-005-W02
INS-00116,2026-01-12,SUP-005,CMP-105,Cylindrical Grinding,Pitch Diameter,18.0,17.985,18.015,mm,18.0025,1,0,,,Goods-in inspection,B-105-005-W02
INS-00124,2026-01-12,SUP-004,CMP-106,CNC Milling,Oil Port Position,12.0,11.96,12.04,mm,12.0109,1,0,,,Goods-in inspection,B-106-004-W02
INS-00125,2026-01-12,SUP-004,CMP-106,CNC Milling,Oil Port Position,12.0,11.96,12.04,mm,11.9981,1,0,,,Goods-in inspection,B-106-004-W02
INS-00131,2026-01-12,SUP-003,CMP-106,CNC Milling,Oil Port Position,12.0,11.96,12.04,mm,12.0051,1,0,,,Goods-in inspection,B-106-003-W02
INS-00132,2026-01-12,SUP-003,CMP-106,CNC Milling,Oil Port Position,12.0,11.96,12.04,mm,11.9888,1,0,,,Goods-in inspection,B-106-003-W02
INS-00072,2026-01-13,SUP-001,CMP-101,CNC Turning,Journal Diameter,25.0,24.98,25.02,mm,24.9968,1,0,,,Goods-in inspection,B-101-001-W02
INS-00073,2026-01-13,SUP-001,CMP-101,CNC Turning,Journal Diameter,25.0,24.98,25.02,mm,24.9942,1,0,,,Goods-in inspection,B-101-001-W02
INS-00074,2026-01-13,SUP-001,CMP-101,CNC Turning,Journal Diameter,25.0,24.98,25.02,mm,24.9906,1,0,,,Goods-in inspection,B-101-001-W02
INS-00084,2026-01-13,SUP-002,CMP-101,CNC Turning,Journal Diameter,25.0,24.98,25.02,mm,25.0099,1,0,,,Goods-in inspection,B-101-002-W02
INS-00088,2026-01-13,SUP-003,CMP-102,CNC Milling,Bore Diameter,60.0,59.95,60.05,mm,60.0082,1,0,,,Goods-in inspection,B-102-003-W02
INS-00089,2026-01-13,SUP-003,CMP-102,CNC Milling,Bore Diameter,60.0,59.95,60.05,mm,59.9969,1,0,,,Goods-in inspection,B-102-003-W02
INS-00097,2026-01-13,SUP-002,CMP-103,CNC Milling,Hub Thickness,8.0,7.97,8.03,mm,8.0046,1,0,,,Goods-in inspection,B-103-002-W02
INS-00098,2026-01-13,SUP-002,CMP-103,CNC Milling,Hub Thickness,8.0,7.97,8.03,mm,7.9995,1,0,,,Goods-in inspection,B-103-002-W02
INS-00105,2026-01-13,SUP-004,CMP-104,Cylindrical Grinding,Bore Diameter,42.0,41.975,42.025,mm,41.9965,1,0,,,Goods-in inspection,B-104-004-W02
INS-00106,2026-01-13,SUP-004,CMP-104,Cylindrical Grinding,Bore Diameter,42.0,41.975,42.025,mm,41.9989,1,0,,,Goods-in inspection,B-104-004-W02
INS-00112,2026-01-13,SUP-001,CMP-104,Cylindrical Grinding,Bore Diameter,42.0,41.975,42.025,mm,42.0099,1,0,,,Goods-in inspection,B-104-001-W02
INS-00117,2026-01-13,SUP-005,CMP-105,Cylindrical Grinding,Pitch Diameter,18.0,17.985,18.015,mm,18.0006,1,0,,,Goods-in inspection,B-105-005-W02
INS-00118,2026-01-13,SUP-005,CMP-105,Cylindrical Grinding,Pitch Diameter,18.0,17.985,18.015,mm,18.001,1,0,,,Goods-in inspection,B-105-005-W02
INS-00126,2026-01-13,SUP-004,CMP-106,CNC Milling,Oil Port Position,12.0,11.96,12.04,mm,12.0006,1,0,,,Goods-in inspection,B-106-004-W02
INS-00133,2026-01-13,SUP-003,CMP-106,CNC Milling,Oil Port Position,12.0,11.96,12.04,mm,11.9954,1,0,,,Goods-in inspection,B-106-003-W02
INS-00075,2026-01-14,SUP-001,CMP-101,CNC Turning,Journal Diameter,25.0,24.98,25.02,mm,25.0038,1,0,,,Goods-in inspection,B-101-001-W02
INS-00076,2026-01-14,SUP-001,CMP-101,CNC Turning,Journal Diameter,25.0,24.98,25.02,mm,25.0133,1,0,,,Goods-in inspection,B-101-001-W02
INS-00077,2026-01-14,SUP-001,CMP-101,CNC Turning,Journal Diameter,25.0,24.98,25.02,mm,24.9964,1,0,,,Goods-in inspection,B-101-001-W02
INS-00090,2026-01-14,SUP-003,CMP-102,CNC Milling,Bore Diameter,60.0,59.95,60.05,mm,60.0101,1,0,,,Goods-in inspection,B-102-003-W02
INS-00091,2026-01-14,SUP-003,CMP-102,CNC Milling,Bore Diameter,60.0,59.95,60.05,mm,59.9969,1,0,,,Goods-in inspection,B-102-003-W02
INS-00099,2026-01-14,SUP-002,CMP-103,CNC Milling,Hub Thickness,8.0,7.97,8.03,mm,8.0015,1,0,,,Goods-in inspection,B-103-002-W02
INS-00107,2026-01-14,SUP-004,CMP-104,Cylindrical Grinding,Bore Diameter,42.0,41.975,42.025,mm,41.9952,1,0,,,Goods-in inspection,B-104-004-W02
INS-00113,2026-01-14,SUP-001,CMP-104,Cylindrical Grinding,Bore Diameter,42.0,41.975,42.025,mm,42.0039,1,0,,,Goods-in inspection,B-104-001-W02
INS-00119,2026-01-14,SUP-005,CMP-105,Cylindrical Grinding,Pitch Diameter,18.0,17.985,18.015,mm,17.9963,1,0,,,Goods-in inspection,B-105-005-W02
INS-00120,2026-01-14,SUP-005,CMP-105,Cylindrical Grinding,Pitch Diameter,18.0,17.985,18.015,mm,18.0099,1,0,,,Goods-in inspection,B-105-005-W02
INS-00127,2026-01-14,SUP-004,CMP-106,CNC Milling,Oil Port Position,12.0,11.96,12.04,mm,11.9993,1,0,,,Goods-in inspection,B-106-004-W02
INS-00128,2026-01-14,SUP-004,CMP-106,CNC Milling,Oil Port Position,12.0,11.96,12.04,mm,11.9896,1,0,,,Goods-in inspection,B-106-004-W02
INS-00134,2026-01-14,SUP-003,CMP-106,CNC Milling,Oil Port Position,12.0,11.96,12.04,mm,11.9922,1,0,,,Goods-in inspection,B-106-003-W02
INS-00078,2026-01-15,SUP-001,CMP-101,CNC Turning,Journal Diameter,25.0,24.98,25.02,mm,24.9965,1,0,,,Goods-in inspection,B-101-001-W02
INS-00079,2026-01-15,SUP-001,CMP-101,CNC Turning,Journal Diameter,25.0,24.98,25.02,mm,25.0038,1,0,,,Goods-in inspection,B-101-001-W02
INS-00080,2026-01-15,SUP-001,CMP-101,CNC Turning,Journal Diameter,25.0,24.98,25.02,mm,25.0066,1,0,,,Goods-in inspection,B-101-001-W02
INS-00085,2026-01-15,SUP-002,CMP-101,CNC Turning,Journal Diameter,25.0,24.98,25.02,mm,25.0029,1,0,,,Goods-in inspection,B-101-002-W02
INS-00092,2026-01-15,SUP-003,CMP-102,CNC Milling,Bore Diameter,60.0,59.95,60.05,mm,60.006,1,0,,,Goods-in inspection,B-102-003-W02
INS-00093,2026-01-15,SUP-003,CMP-102,CNC Milling,Bore Diameter,60.0,59.95,60.05,mm,59.981,1,0,,,Goods-in inspection,B-102-003-W02
INS-00100,2026-01-15,SUP-002,CMP-103,CNC Milling,Hub Thickness,8.0,7.97,8.03,mm,7.9906,1,0,,,Goods-in inspection,B-103-002-W02
INS-00101,2026-01-15,SUP-002,CMP-103,CNC Milling,Hub Thickness,8.0,7.97,8.03,mm,7.9935,1,0,,,Goods-in inspection,B-103-002-W02
INS-00108,2026-01-15,SUP-004,CMP-104,Cylindrical Grinding,Bore Diameter,42.0,41.975,42.025,mm,41.9989,1,0,,,Goods-in inspection,B-104-004-W02
INS-00109,2026-01-15,SUP-004,CMP-104,Cylindrical Grinding,Bore Diameter,42.0,41.975,42.025,mm,42.0115,1,0,,,Goods-in inspection,B-104-004-W02
INS-00114,2026-01-15,SUP-001,CMP-104,Cylindrical Grinding,Bore Diameter,42.0,41.975,42.025,mm,41.9929,1,0,,,Goods-in inspection,B-104-001-W02
INS-00121,2026-01-15,SUP-005,CMP-105,Cylindrical Grinding,Pitch Diameter,18.0,17.985,18.015,mm,17.9951,1,1,Surface finish,Minor,Goods-in inspection,B-105-005-W02
INS-00122,2026-01-15,SUP-005,CMP-105,Cylindrical Grinding,Pitch Diameter,18.0,17.985,18.015,mm,18.0013,1,0,,,Goods-in inspection,B-105-005-W02
INS-00129,2026-01-15,SUP-004,CMP-106,CNC Milling,Oil Port Position,12.0,11.96,12.04,mm,12.0207,1,0,,,Goods-in inspection,B-106-004-W02
INS-00135,2026-01-15,SUP-003,CMP-106,CNC Milling,Oil Port Position,12.0,11.96,12.04,mm,11.9951,1,0,,,Goods-in inspection,B-106-003-W02
INS-00081,2026-01-16,SUP-001,CMP-101,CNC Turning,Journal Diameter,25.0,24.98,25.02,mm,25.003,1,0,,,Goods-in inspection,B-101-001-W02
INS-00082,2026-01-16,SUP-001,CMP-101,CNC Turning,Journal Diameter,25.0,24.98,25.02,mm,25.0062,1,0,,,Goods-in inspection,B-101-001-W02
INS-00094,2026-01-16,SUP-003,CMP-102,CNC Milling,Bore Diameter,60.0,59.95,60.05,mm,60.0075,1,0,,,Goods-in inspection,B-102-003-W02
INS-00102,2026-01-16,SUP-002,CMP-103,CNC Milling,Hub Thickness,8.0,7.97,8.03,mm,7.9992,1,0,,,Goods-in inspection,B-103-002-W02
INS-00110,2026-01-16,SUP-004,CMP-104,Cylindrical Grinding,Bore Diameter,42.0,41.975,42.025,mm,42.0105,1,0,,,Goods-in inspection,B-104-004-W02
INS-00123,2026-01-16,SUP-005,CMP-105,Cylindrical Grinding,Pitch Diameter,18.0,17.985,18.015,mm,17.9926,1,0,,,Goods-in inspection,B-105-005-W02
INS-00130,2026-01-16,SUP-004,CMP-106,CNC Milling,Oil Port Position,12.0,11.96,12.04,mm,12.0055,1,0,,,Goods-in inspection,B-106-004-W02
INS-00136,2026-01-16,SUP-003,CMP-106,CNC Milling,Oil Port Position,12.0,11.96,12.04,mm,12.0017,1,0,,,Goods-in inspection,B-106-003-W02
INS-00137,2026-01-19,SUP-001,CMP-101,CNC Turning,Journal Diameter,25.0,24.98,25.02,mm,25.0135,1,0,,,Goods-in inspection,B-101-001-W03
INS-00138,2026-01-19,SUP-001,CMP-101,CNC Turning,Journal Diameter,25.0,24.98,25.02,mm,25.0017,1,0,,,Goods-in inspection,B-101-001-W03
INS-00139,2026-01-19,SUP-001,CMP-101,CNC Turning,Journal Diameter,25.0,24.98,25.02,mm,24.9977,1,0,,,Goods-in inspection,B-101-001-W03
INS-00151,2026-01-19,SUP-002,CMP-101,CNC Turning,Journal Diameter,25.0,24.98,25.02,mm,24.9951,1,0,,,Goods-in inspection,B-101-002-W03
INS-00154,2026-01-19,SUP-003,CMP-102,CNC Milling,Bore Diameter,60.0,59.95,60.05,mm,59.9866,1,0,,,Goods-in inspection,B-102-003-W03
INS-00155,2026-01-19,SUP-003,CMP-102,CNC Milling,Bore Diameter,60.0,59.95,60.05,mm,60.0147,1,0,,,Goods-in inspection,B-102-003-W03
INS-00163,2026-01-19,SUP-002,CMP-103,CNC Milling,Hub Thickness,8.0,7.97,8.03,mm,8.0075,1,0,,,Goods-in inspection,B-103-002-W03
INS-00164,2026-01-19,SUP-002,CMP-103,CNC Milling,Hub Thickness,8.0,7.97,8.03,mm,7.9928,1,0,,,Goods-in inspection,B-103-002-W03
INS-00171,2026-01-19,SUP-004,CMP-104,Cylindrical Grinding,Bore Diameter,42.0,41.975,42.025,mm,41.9991,1,0,,,Goods-in inspection,B-104-004-W03
INS-00172,2026-01-19,SUP-004,CMP-104,Cylindrical Grinding,Bore Diameter,42.0,41.975,42.025,mm,42.0058,1,0,,,Goods-in inspection,B-104-004-W03
INS-00179,2026-01-19,SUP-001,CMP-104,Cylindrical Grinding,Bore Diameter,42.0,41.975,42.025,mm,42.0082,1,0,,,Goods-in inspection,B-104-001-W03
INS-00183,2026-01-19,SUP-005,CMP-105,Cylindrical Grinding,Pitch Diameter,18.0,17.985,18.015,mm,17.9944,1,0,,,Goods-in inspection,B-105-005-W03
INS-00184,2026-01-19,SUP-005,CMP-105,Cylindrical Grinding,Pitch Diameter,18.0,17.985,18.015,mm,18.0011,1,0,,,Goods-in inspection,B-105-005-W03
INS-00192,2026-01-19,SUP-004,CMP-106,CNC Milling,Oil Port Position,12.0,11.96,12.04,mm,11.9952,1,0,,,Goods-in inspection,B-106-004-W03
INS-00193,2026-01-19,SUP-004,CMP-106,CNC Milling,Oil Port Position,12.0,11.96,12.04,mm,12.0143,1,0,,,Goods-in inspection,B-106-004-W03
INS-00199,2026-01-19,SUP-003,CMP-106,CNC Milling,Oil Port Position,12.0,11.96,12.04,mm,12.002,1,0,,,Goods-in inspection,B-106-003-W03
INS-00200,2026-01-19,SUP-003,CMP-106,CNC Milling,Oil Port Position,12.0,11.96,12.04,mm,11.9909,1,0,,,Goods-in inspection,B-106-003-W03
INS-00140,2026-01-20,SUP-001,CMP-101,CNC Turning,Journal Diameter,25.0,24.98,25.02,mm,25.0053,1,0,,,Goods-in inspection,B-101-001-W03
INS-00141,2026-01-20,SUP-001,CMP-101,CNC Turning,Journal Diameter,25.0,24.98,25.02,mm,25.0008,1,0,,,Goods-in inspection,B-101-001-W03
INS-00142,2026-01-20,SUP-001,CMP-101,CNC Turning,Journal Diameter,25.0,24.98,25.02,mm,25.0,1,0,,,Goods-in inspection,B-101-001-W03
INS-00152,2026-01-20,SUP-002,CMP-101,CNC Turning,Journal Diameter,25.0,24.98,25.02,mm,24.9978,1,0,,,Goods-in inspection,B-101-002-W03
INS-00156,2026-01-20,SUP-003,CMP-102,CNC Milling,Bore Diameter,60.0,59.95,60.05,mm,59.9953,1,0,,,Goods-in inspection,B-102-003-W03
INS-00157,2026-01-20,SUP-003,CMP-102,CNC Milling,Bore Diameter,60.0,59.95,60.05,mm,59.9991,1,0,,,Goods-in inspection,B-102-003-W03
INS-00165,2026-01-20,SUP-002,CMP-103,CNC Milling,Hub Thickness,8.0,7.97,8.03,mm,8.0026,1,0,,,Goods-in inspection,B-103-002-W03
INS-00166,2026-01-20,SUP-002,CMP-103,CNC Milling,Hub Thickness,8.0,7.97,8.03,mm,8.0156,1,0,,,Goods-in inspection,B-103-002-W03
INS-00173,2026-01-20,SUP-004,CMP-104,Cylindrical Grinding,Bore Diameter,42.0,41.975,42.025,mm,41.9985,1,0,,,Goods-in inspection,B-104-004-W03
INS-00174,2026-01-20,SUP-004,CMP-104,Cylindrical Grinding,Bore Diameter,42.0,41.975,42.025,mm,42.0027,1,0,,,Goods-in inspection,B-104-004-W03
INS-00180,2026-01-20,SUP-001,CMP-104,Cylindrical Grinding,Bore Diameter,42.0,41.975,42.025,mm,41.991,1,0,,,Goods-in inspection,B-104-001-W03
INS-00185,2026-01-20,SUP-005,CMP-105,Cylindrical Grinding,Pitch Diameter,18.0,17.985,18.015,mm,18.0074,1,0,,,Goods-in inspection,B-105-005-W03
INS-00186,2026-01-20,SUP-005,CMP-105,Cylindrical Grinding,Pitch Diameter,18.0,17.985,18.015,mm,18.0026,1,0,,,Goods-in inspection,B-105-005-W03
INS-00194,2026-01-20,SUP-004,CMP-106,CNC Milling,Oil Port Position,12.0,11.96,12.04,mm,12.0089,1,0,,,Goods-in inspection,B-106-004-W03
INS-00201,2026-01-20,SUP-003,CMP-106,CNC Milling,Oil Port Position,12.0,11.96,12.04,mm,12.0222,1,0,,,Goods-in inspection,B-106-003-W03
INS-00143,2026-01-21,SUP-001,CMP-101,CNC Turning,Journal Diameter,25.0,24.98,25.02,mm,24.9976,1,0,,,Goods-in inspection,B-101-001-W03
INS-00144,2026-01-21,SUP-001,CMP-101,CNC Turning,Journal Diameter,25.0,24.98,25.02,mm,24.9993,1,0,,,Goods-in inspection,B-101-001-W03
INS-00145,2026-01-21,SUP-001,CMP-101,CNC Turning,Journal Diameter,25.0,24.98,25.02,mm,24.9964,1,0,,,Goods-in inspection,B-101-001-W03
INS-00158,2026-01-21,SUP-003,CMP-102,CNC Milling,Bore Diameter,60.0,59.95,60.05,mm,60.0115,1,0,,,Goods-in inspection,B-102-003-W03
INS-00159,2026-01-21,SUP-003,CMP-102,CNC Milling,Bore Diameter,60.0,59.95,60.05,mm,60.0001,1,0,,,Goods-in inspection,B-102-003-W03
INS-00167,2026-01-21,SUP-002,CMP-103,CNC Milling,Hub Thickness,8.0,7.97,8.03,mm,7.9955,1,0,,,Goods-in inspection,B-103-002-W03
INS-00175,2026-01-21,SUP-004,CMP-104,Cylindrical Grinding,Bore Diameter,42.0,41.975,42.025,mm,42.0089,1,0,,,Goods-in inspection,B-104-004-W03
INS-00181,2026-01-21,SUP-001,CMP-104,Cylindrical Grinding,Bore Diameter,42.0,41.975,42.025,mm,42.0041,1,0,,,Goods-in inspection,B-104-001-W03
INS-00187,2026-01-21,SUP-005,CMP-105,Cylindrical Grinding,Pitch Diameter,18.0,17.985,18.015,mm,17.9975,1,0,,,Goods-in inspection,B-105-005-W03
INS-00188,2026-01-21,SUP-005,CMP-105,Cylindrical Grinding,Pitch Diameter,18.0,17.985,18.015,mm,17.9984,1,0,,,Goods-in inspection,B-105-005-W03
INS-00195,2026-01-21,SUP-004,CMP-106,CNC Milling,Oil Port Position,12.0,11.96,12.04,mm,12.0042,1,0,,,Goods-in inspection,B-106-004-W03
INS-00196,2026-01-21,SUP-004,CMP-106,CNC Milling,Oil Port Position,12.0,11.96,12.04,mm,12.0113,1,0,,,Goods-in inspection,B-106-004-W03
INS-00202,2026-01-21,SUP-003,CMP-106,CNC Milling,Oil Port Position,12.0,11.96,12.04,mm,12.0088,1,0,,,Goods-in inspection,B-106-003-W03
INS-00146,2026-01-22,SUP-001,CMP-101,CNC Turning,Journal Diameter,25.0,24.98,25.02,mm,25.0014,1,0,,,Goods-in inspection,B-101-001-W03
INS-00147,2026-01-22,SUP-001,CMP-101,CNC Turning,Journal Diameter,25.0,24.98,25.02,mm,24.9965,1,0,,,Goods-in inspection,B-101-001-W03
INS-00148,2026-01-22,SUP-001,CMP-101,CNC Turning,Journal Diameter,25.0,24.98,25.02,mm,25.0043,1,0,,,Goods-in inspection,B-101-001-W03
INS-00153,2026-01-22,SUP-002,CMP-101,CNC Turning,Journal Diameter,25.0,24.98,25.02,mm,24.998,1,0,,,Goods-in inspection,B-101-002-W03
INS-00160,2026-01-22,SUP-003,CMP-102,CNC Milling,Bore Diameter,60.0,59.95,60.05,mm,60.0172,1,0,,,Goods-in inspection,B-102-003-W03
INS-00161,2026-01-22,SUP-003,CMP-102,CNC Milling,Bore Diameter,60.0,59.95,60.05,mm,59.9711,1,0,,,Goods-in inspection,B-102-003-W03
INS-00168,2026-01-22,SUP-002,CMP-103,CNC Milling,Hub Thickness,8.0,7.97,8.03,mm,8.0084,1,0,,,Goods-in inspection,B-103-002-W03
INS-00169,2026-01-22,SUP-002,CMP-103,CNC Milling,Hub Thickness,8.0,7.97,8.03,mm,7.9965,1,0,,,Goods-in inspection,B-103-002-W03
INS-00176,2026-01-22,SUP-004,CMP-104,Cylindrical Grinding,Bore Diameter,42.0,41.975,42.025,mm,41.9855,1,0,,,Goods-in inspection,B-104-004-W03
INS-00177,2026-01-22,SUP-004,CMP-104,Cylindrical Grinding,Bore Diameter,42.0,41.975,42.025,mm,42.0005,1,0,,,Goods-in inspection,B-104-004-W03
INS-00182,2026-01-22,SUP-001,CMP-104,Cylindrical Grinding,Bore Diameter,42.0,41.975,42.025,mm,41.9989,1,0,,,Goods-in inspection,B-104-001-W03
INS-00189,2026-01-22,SUP-005,CMP-105,Cylindrical Grinding,Pitch Diameter,18.0,17.985,18.015,mm,18.0089,1,0,,,Goods-in inspection,B-105-005-W03
INS-00190,2026-01-22,SUP-005,CMP-105,Cylindrical Grinding,Pitch Diameter,18.0,17.985,18.015,mm,18.006,1,0,,,Goods-in inspection,B-105-005-W03
INS-00197,2026-01-22,SUP-004,CMP-106,CNC Milling,Oil Port Position,12.0,11.96,12.04,mm,12.0199,1,0,,,Goods-in inspection,B-106-004-W03
INS-00203,2026-01-22,SUP-003,CMP-106,CNC Milling,Oil Port Position,12.0,11.96,12.04,mm,11.984,1,0,,,Goods-in inspection,B-106-003-W03
INS-00149,2026-01-23,SUP-001,CMP-101,CNC Turning,Journal Diameter,25.0,24.98,25.02,mm,24.9972,1,0,,,Goods-in inspection,B-101-001-W03
INS-00150,2026-01-23,SUP-001,CMP-101,CNC Turning,Journal Diameter,25.0,24.98,25.02,mm,25.0018,1,0,,,Goods-in inspection,B-101-001-W03
INS-00162,2026-01-23,SUP-003,CMP-102,CNC Milling,Bore Diameter,60.0,59.95,60.05,mm,59.9891,1,0,,,Goods-in inspection,B-102-003-W03
INS-00170,2026-01-23,SUP-002,CMP-103,CNC Milling,Hub Thickness,8.0,7.97,8.03,mm,7.9905,1,0,,,Goods-in inspection,B-103-002-W03
INS-00178,2026-01-23,SUP-004,CMP-104,Cylindrical Grinding,Bore Diameter,42.0,41.975,42.025,mm,41.9961,1,0,,,Goods-in inspection,B-104-004-W03
INS-00191,2026-01-23,SUP-005,CMP-105,Cylindrical Grinding,Pitch Diameter,18.0,17.985,18.015,mm,18.0027,1,0,,,Goods-in inspection,B-105-005-W03
INS-00198,2026-01-23,SUP-004,CMP-106,CNC Milling,Oil Port Position,12.0,11.96,12.04,mm,11.9928,1,0,,,Goods-in inspection,B-106-004-W03
INS-00204,2026-01-23,SUP-003,CMP-106,CNC Milling,Oil Port Position,12.0,11.96,12.04,mm,11.9934,1,0,,,Goods-in inspection,B-106-003-W03
INS-00205,2026-01-26,SUP-001,CMP-101,CNC Turning,Journal Diameter,25.0,24.98,25.02,mm,25.0007,1,0,,,Goods-in inspection,B-101-001-W04
INS-00206,2026-01-26,SUP-001,CMP-101,CNC Turning,Journal Diameter,25.0,24.98,25.02,mm,24.9997,1,0,,,Goods-in inspection,B-101-001-W04
INS-00207,2026-01-26,SUP-001,CMP-101,CNC Turning,Journal Diameter,25.0,24.98,25.02,mm,24.9962,1,0,,,Goods-in inspection,B-101-001-W04
INS-00219,2026-01-26,SUP-002,CMP-101,CNC Turning,Journal Diameter,25.0,24.98,25.02,mm,24.9961,1,0,,,Goods-in inspection,B-101-002-W04
INS-00222,2026-01-26,SUP-003,CMP-102,CNC Milling,Bore Diameter,60.0,59.95,60.05,mm,59.9994,1,0,,,Goods-in inspection,B-102-003-W04
INS-00223,2026-01-26,SUP-003,CMP-102,CNC Milling,Bore Diameter,60.0,59.95,60.05,mm,59.991,1,0,,,Goods-in inspection,B-102-003-W04
INS-00231,2026-01-26,SUP-002,CMP-103,CNC Milling,Hub Thickness,8.0,7.97,8.03,mm,8.0074,1,0,,,Goods-in inspection,B-103-002-W04
INS-00232,2026-01-26,SUP-002,CMP-103,CNC Milling,Hub Thickness,8.0,7.97,8.03,mm,8.0021,1,0,,,Goods-in inspection,B-103-002-W04
INS-00239,2026-01-26,SUP-004,CMP-104,Cylindrical Grinding,Bore Diameter,42.0,41.975,42.025,mm,42.0019,1,0,,,Goods-in inspection,B-104-004-W04
INS-00240,2026-01-26,SUP-004,CMP-104,Cylindrical Grinding,Bore Diameter,42.0,41.975,42.025,mm,42.0054,1,0,,,Goods-in inspection,B-104-004-W04
INS-00247,2026-01-26,SUP-001,CMP-104,Cylindrical Grinding,Bore Diameter,42.0,41.975,42.025,mm,41.9929,1,0,,,Goods-in inspection,B-104-001-W04
INS-00251,2026-01-26,SUP-005,CMP-105,Cylindrical Grinding,Pitch Diameter,18.0,17.985,18.015,mm,17.9913,1,0,,,Goods-in inspection,B-105-005-W04
INS-00252,2026-01-26,SUP-005,CMP-105,Cylindrical Grinding,Pitch Diameter,18.0,17.985,18.015,mm,17.993,1,0,,,Goods-in inspection,B-105-005-W04
INS-00260,2026-01-26,SUP-004,CMP-106,CNC Milling,Oil Port Position,12.0,11.96,12.04,mm,12.0076,1,0,,,Goods-in inspection,B-106-004-W04
INS-00261,2026-01-26,SUP-004,CMP-106,CNC Milling,Oil Port Position,12.0,11.96,12.04,mm,12.0014,1,0,,,Goods-in inspection,B-106-004-W04
INS-00267,2026-01-26,SUP-003,CMP-106,CNC Milling,Oil Port Position,12.0,11.96,12.04,mm,11.9978,1,0,,,Goods-in inspection,B-106-003-W04
INS-00268,2026-01-26,SUP-003,CMP-106,CNC Milling,Oil Port Position,12.0,11.96,12.04,mm,12.0078,1,0,,,Goods-in inspection,B-106-003-W04
INS-00208,2026-01-27,SUP-001,CMP-101,CNC Turning,Journal Diameter,25.0,24.98,25.02,mm,25.0059,1,0,,,Goods-in inspection,B-101-001-W04
INS-00209,2026-01-27,SUP-001,CMP-101,CNC Turning,Journal Diameter,25.0,24.98,25.02,mm,24.9976,1,0,,,Goods-in inspection,B-101-001-W04
INS-00210,2026-01-27,SUP-001,CMP-101,CNC Turning,Journal Diameter,25.0,24.98,25.02,mm,24.9998,1,0,,,Goods-in inspection,B-101-001-W04
INS-00220,2026-01-27,SUP-002,CMP-101,CNC Turning,Journal Diameter,25.0,24.98,25.02,mm,24.9944,1,0,,,Goods-in inspection,B-101-002-W04
INS-00224,2026-01-27,SUP-003,CMP-102,CNC Milling,Bore Diameter,60.0,59.95,60.05,mm,60.0079,1,0,,,Goods-in inspection,B-102-003-W04
INS-00225,2026-01-27,SUP-003,CMP-102,CNC Milling,Bore Diameter,60.0,59.95,60.05,mm,59.9835,1,0,,,Goods-in inspection,B-102-003-W04
INS-00233,2026-01-27,SUP-002,CMP-103,CNC Milling,Hub Thickness,8.0,7.97,8.03,mm,7.9997,1,0,,,Goods-in inspection,B-103-002-W04
INS-00234,2026-01-27,SUP-002,CMP-103,CNC Milling,Hub Thickness,8.0,7.97,8.03,mm,7.9917,1,0,,,Goods-in inspection,B-103-002-W04
INS-00241,2026-01-27,SUP-004,CMP-104,Cylindrical Grinding,Bore Diameter,42.0,41.975,42.025,mm,41.9994,1,0,,,Goods-in inspection,B-104-004-W04
INS-00242,2026-01-27,SUP-004,CMP-104,Cylindrical Grinding,Bore Diameter,42.0,41.975,42.025,mm,42.0008,1,0,,,Goods-in inspection,B-104-004-W04
INS-00248,2026-01-27,SUP-001,CMP-104,Cylindrical Grinding,Bore Diameter,42.0,41.975,42.025,mm,42.0052,1,0,,,Goods-in inspection,B-104-001-W04
INS-00253,2026-01-27,SUP-005,CMP-105,Cylindrical Grinding,Pitch Diameter,18.0,17.985,18.015,mm,17.996,1,0,,,Goods-in inspection,B-105-005-W04
INS-00254,2026-01-27,SUP-005,CMP-105,Cylindrical Grinding,Pitch Diameter,18.0,17.985,18.015,mm,17.9965,1,0,,,Goods-in inspection,B-105-005-W04
INS-00262,2026-01-27,SUP-004,CMP-106,CNC Milling,Oil Port Position,12.0,11.96,12.04,mm,12.0092,1,0,,,Goods-in inspection,B-106-004-W04
INS-00269,2026-01-27,SUP-003,CMP-106,CNC Milling,Oil Port Position,12.0,11.96,12.04,mm,11.9851,1,0,,,Goods-in inspection,B-106-003-W04
INS-00211,2026-01-28,SUP-001,CMP-101,CNC Turning,Journal Diameter,25.0,24.98,25.02,mm,25.009,1,0,,,Goods-in inspection,B-101-001-W04
INS-00212,2026-01-28,SUP-001,CMP-101,CNC Turning,Journal Diameter,25.0,24.98,25.02,mm,24.9962,1,0,,,Goods-in inspection,B-101-001-W04
INS-00213,2026-01-28,SUP-001,CMP-101,CNC Turning,Journal Diameter,25.0,24.98,25.02,mm,24.9997,1,0,,,Goods-in inspection,B-101-001-W04
INS-00226,2026-01-28,SUP-003,CMP-102,CNC Milling,Bore Diameter,60.0,59.95,60.05,mm,60.007,1,0,,,Goods-in inspection,B-102-003-W04
INS-00227,2026-01-28,SUP-003,CMP-102,CNC Milling,Bore Diameter,60.0,59.95,60.05,mm,59.9886,1,0,,,Goods-in inspection,B-102-003-W04
INS-00235,2026-01-28,SUP-002,CMP-103,CNC Milling,Hub Thickness,8.0,7.97,8.03,mm,7.9974,1,0,,,Goods-in inspection,B-103-002-W04
INS-00243,2026-01-28,SUP-004,CMP-104,Cylindrical Grinding,Bore Diameter,42.0,41.975,42.025,mm,42.0062,1,0,,,Goods-in inspection,B-104-004-W04
INS-00249,2026-01-28,SUP-001,CMP-104,Cylindrical Grinding,Bore Diameter,42.0,41.975,42.025,mm,42.0015,1,0,,,Goods-in inspection,B-104-001-W04
INS-00255,2026-01-28,SUP-005,CMP-105,Cylindrical Grinding,Pitch Diameter,18.0,17.985,18.015,mm,17.9994,1,0,,,Goods-in inspection,B-105-005-W04
INS-00256,2026-01-28,SUP-005,CMP-105,Cylindrical Grinding,Pitch Diameter,18.0,17.985,18.015,mm,18.0012,1,0,,,Goods-in inspection,B-105-005-W04
INS-00263,2026-01-28,SUP-004,CMP-106,CNC Milling,Oil Port Position,12.0,11.96,12.04,mm,12.0014,1,0,,,Goods-in inspection,B-106-004-W04
INS-00264,2026-01-28,SUP-004,CMP-106,CNC Milling,Oil Port Position,12.0,11.96,12.04,mm,12.0056,1,0,,,Goods-in inspection,B-106-004-W04
INS-00270,2026-01-28,SUP-003,CMP-106,CNC Milling,Oil Port Position,12.0,11.96,12.04,mm,12.0108,1,0,,,Goods-in inspection,B-106-003-W04
INS-00214,2026-01-29,SUP-001,CMP-101,CNC Turning,Journal Diameter,25.0,24.98,25.02,mm,25.0013,1,0,,,Goods-in inspection,B-101-001-W04
INS-00215,2026-01-29,SUP-001,CMP-101,CNC Turning,Journal Diameter,25.0,24.98,25.02,mm,24.9944,1,0,,,Goods-in inspection,B-101-001-W04
INS-00216,2026-01-29,SUP-001,CMP-101,CNC Turning,Journal Diameter,25.0,24.98,25.02,mm,25.0052,1,0,,,Goods-in inspection,B-101-001-W04
INS-00221,2026-01-29,SUP-002,CMP-101,CNC Turning,Journal Diameter,25.0,24.98,25.02,mm,25.0029,1,0,,,Goods-in inspection,B-101-002-W04
INS-00228,2026-01-29,SUP-003,CMP-102,CNC Milling,Bore Diameter,60.0,59.95,60.05,mm,60.0099,1,0,,,Goods-in inspection,B-102-003-W04
INS-00229,2026-01-29,SUP-003,CMP-102,CNC Milling,Bore Diameter,60.0,59.95,60.05,mm,60.0291,1,0,,,Goods-in inspection,B-102-003-W04
INS-00236,2026-01-29,SUP-002,CMP-103,CNC Milling,Hub Thickness,8.0,7.97,8.03,mm,7.9927,1,0,,,Goods-in inspection,B-103-002-W04
INS-00237,2026-01-29,SUP-002,CMP-103,CNC Milling,Hub Thickness,8.0,7.97,8.03,mm,8.0006,1,0,,,Goods-in inspection,B-103-002-W04
INS-00244,2026-01-29,SUP-004,CMP-104,Cylindrical Grinding,Bore Diameter,42.0,41.975,42.025,mm,42.005,1,0,,,Goods-in inspection,B-104-004-W04
INS-00245,2026-01-29,SUP-004,CMP-104,Cylindrical Grinding,Bore Diameter,42.0,41.975,42.025,mm,42.0022,1,0,,,Goods-in inspection,B-104-004-W04
INS-00250,2026-01-29,SUP-001,CMP-104,Cylindrical Grinding,Bore Diameter,42.0,41.975,42.025,mm,42.0055,1,0,,,Goods-in inspection,B-104-001-W04
INS-00257,2026-01-29,SUP-005,CMP-105,Cylindrical Grinding,Pitch Diameter,18.0,17.985,18.015,mm,17.9995,1,0,,,Goods-in inspection,B-105-005-W04
INS-00258,2026-01-29,SUP-005,CMP-105,Cylindrical Grinding,Pitch Diameter,18.0,17.985,18.015,mm,17.9999,1,0,,,Goods-in inspection,B-105-005-W04
INS-00265,2026-01-29,SUP-004,CMP-106,CNC Milling,Oil Port Position,12.0,11.96,12.04,mm,12.0133,1,0,,,Goods-in inspection,B-106-004-W04
INS-00271,2026-01-29,SUP-003,CMP-106,CNC Milling,Oil Port Position,12.0,11.96,12.04,mm,11.9919,1,0,,,Goods-in inspection,B-106-003-W04
INS-00217,2026-01-30,SUP-001,CMP-101,CNC Turning,Journal Diameter,25.0,24.98,25.02,mm,25.0012,1,0,,,Goods-in inspection,B-101-001-W04
INS-00218,2026-01-30,SUP-001,CMP-101,CNC Turning,Journal Diameter,25.0,24.98,25.02,mm,25.006,1,0,,,Goods-in inspection,B-101-001-W04
INS-00230,2026-01-30,SUP-003,CMP-102,CNC Milling,Bore Diameter,60.0,59.95,60.05,mm,59.9862,1,0,,,Goods-in inspection,B-102-003-W04
INS-00238,2026-01-30,SUP-002,CMP-103,CNC Milling,Hub Thickness,8.0,7.97,8.03,mm,7.9953,1,0,,,Goods-in inspection,B-103-002-W04
INS-00246,2026-01-30,SUP-004,CMP-104,Cylindrical Grinding,Bore Diameter,42.0,41.975,42.025,mm,42.0007,1,0,,,Goods-in inspection,B-104-004-W04
INS-00259,2026-01-30,SUP-005,CMP-105,Cylindrical Grinding,Pitch Diameter,18.0,17.985,18.015,mm,17.9976,1,0,,,Goods-in inspection,B-105-005-W04
INS-00266,2026-01-30,SUP-004,CMP-106,CNC Milling,Oil Port Position,12.0,11.96,12.04,mm,12.0003,1,0,,,Goods-in inspection,B-106-004-W04
INS-00272,2026-01-30,SUP-003,CMP-106,CNC Milling,Oil Port Position,12.0,11.96,12.04,mm,12.0064,1,0,,,Goods-in inspection,B-106-003-W04
INS-00273,2026-02-02,SUP-001,CMP-101,CNC Turning,Journal Diameter,25.0,24.98,25.02,mm,24.9986,1,0,,,Goods-in inspection,B-101-001-W05
INS-00274,2026-02-02,SUP-001,CMP-101,CNC Turning,Journal Diameter,25.0,24.98,25.02,mm,25.0045,1,0,,,Goods-in inspection,B-101-001-W05
INS-00275,2026-02-02,SUP-001,CMP-101,CNC Turning,Journal Diameter,25.0,24.98,25.02,mm,25.0037,1,0,,,Goods-in inspection,B-101-001-W05
INS-00287,2026-02-02,SUP-002,CMP-101,CNC Turning,Journal Diameter,25.0,24.98,25.02,mm,25.0037,1,0,,,Goods-in inspection,B-101-002-W05
INS-00290,2026-02-02,SUP-003,CMP-102,CNC Milling,Bore Diameter,60.0,59.95,60.05,mm,60.0017,1,0,,,Goods-in inspection,B-102-003-W05
INS-00291,2026-02-02,SUP-003,CMP-102,CNC Milling,Bore Diameter,60.0,59.95,60.05,mm,60.0157,1,1,Material issue,Critical,Final inspection,B-102-003-W05
INS-00299,2026-02-02,SUP-002,CMP-103,CNC Milling,Hub Thickness,8.0,7.97,8.03,mm,8.0029,1,0,,,Goods-in inspection,B-103-002-W05
INS-00300,2026-02-02,SUP-002,CMP-103,CNC Milling,Hub Thickness,8.0,7.97,8.03,mm,8.0022,1,0,,,Goods-in inspection,B-103-002-W05
INS-00307,2026-02-02,SUP-004,CMP-104,Cylindrical Grinding,Bore Diameter,42.0,41.975,42.025,mm,41.9991,1,0,,,Goods-in inspection,B-104-004-W05
INS-00308,2026-02-02,SUP-004,CMP-104,Cylindrical Grinding,Bore Diameter,42.0,41.975,42.025,mm,41.9829,1,0,,,Goods-in inspection,B-104-004-W05
INS-00315,2026-02-02,SUP-001,CMP-104,Cylindrical Grinding,Bore Diameter,42.0,41.975,42.025,mm,42.0034,1,0,,,Goods-in inspection,B-104-001-W05
INS-00319,2026-02-02,SUP-005,CMP-105,Cylindrical Grinding,Pitch Diameter,18.0,17.985,18.015,mm,17.9983,1,0,,,Goods-in inspection,B-105-005-W05
INS-00320,2026-02-02,SUP-005,CMP-105,Cylindrical Grinding,Pitch Diameter,18.0,17.985,18.015,mm,17.9994,1,0,,,Goods-in inspection,B-105-005-W05
INS-00328,2026-02-02,SUP-004,CMP-106,CNC Milling,Oil Port Position,12.0,11.96,12.04,mm,12.0247,1,0,,,Goods-in inspection,B-106-004-W05
INS-00329,2026-02-02,SUP-004,CMP-106,CNC Milling,Oil Port Position,12.0,11.96,12.04,mm,12.0,1,0,,,Goods-in inspection,B-106-004-W05
INS-00335,2026-02-02,SUP-003,CMP-106,CNC Milling,Oil Port Position,12.0,11.96,12.04,mm,12.0169,1,0,,,Goods-in inspection,B-106-003-W05
INS-00336,2026-02-02,SUP-003,CMP-106,CNC Milling,Oil Port Position,12.0,11.96,12.04,mm,12.0094,1,0,,,Goods-in inspection,B-106-003-W05
INS-00276,2026-02-03,SUP-001,CMP-101,CNC Turning,Journal Diameter,25.0,24.98,25.02,mm,24.9993,1,0,,,Goods-in inspection,B-101-001-W05
INS-00277,2026-02-03,SUP-001,CMP-101,CNC Turning,Journal Diameter,25.0,24.98,25.02,mm,25.0005,1,0,,,Goods-in inspection,B-101-001-W05
INS-00278,2026-02-03,SUP-001,CMP-101,CNC Turning,Journal Diameter,25.0,24.98,25.02,mm,25.0019,1,0,,,Goods-in inspection,B-101-001-W05
INS-00288,2026-02-03,SUP-002,CMP-101,CNC Turning,Journal Diameter,25.0,24.98,25.02,mm,25.0024,1,0,,,Goods-in inspection,B-101-002-W05
INS-00292,2026-02-03,SUP-003,CMP-102,CNC Milling,Bore Diameter,60.0,59.95,60.05,mm,60.0022,1,0,,,Goods-in inspection,B-102-003-W05
INS-00293,2026-02-03,SUP-003,CMP-102,CNC Milling,Bore Diameter,60.0,59.95,60.05,mm,59.9884,1,0,,,Goods-in inspection,B-102-003-W05
INS-00301,2026-02-03,SUP-002,CMP-103,CNC Milling,Hub Thickness,8.0,7.97,8.03,mm,7.9892,1,0,,,Goods-in inspection,B-103-002-W05
INS-00302,2026-02-03,SUP-002,CMP-103,CNC Milling,Hub Thickness,8.0,7.97,8.03,mm,8.0071,1,0,,,Goods-in inspection,B-103-002-W05
INS-00309,2026-02-03,SUP-004,CMP-104,Cylindrical Grinding,Bore Diameter,42.0,41.975,42.025,mm,41.9989,1,0,,,Goods-in inspection,B-104-004-W05
INS-00310,2026-02-03,SUP-004,CMP-104,Cylindrical Grinding,Bore Diameter,42.0,41.975,42.025,mm,42.0126,1,1,Positional tolerance,Minor,CMM inspection,B-104-004-W05
INS-00316,2026-02-03,SUP-001,CMP-104,Cylindrical Grinding,Bore Diameter,42.0,41.975,42.025,mm,42.0067,1,0,,,Goods-in inspection,B-104-001-W05
INS-00321,2026-02-03,SUP-005,CMP-105,Cylindrical Grinding,Pitch Diameter,18.0,17.985,18.015,mm,18.0087,1,0,,,Goods-in inspection,B-105-005-W05
INS-00322,2026-02-03,SUP-005,CMP-105,Cylindrical Grinding,Pitch Diameter,18.0,17.985,18.015,mm,18.0038,1,0,,,Goods-in inspection,B-105-005-W05
INS-00330,2026-02-03,SUP-004,CMP-106,CNC Milling,Oil Port Position,12.0,11.96,12.04,mm,12.0056,1,0,,,Goods-in inspection,B-106-004-W05
INS-00337,2026-02-03,SUP-003,CMP-106,CNC Milling,Oil Port Position,12.0,11.96,12.04,mm,12.0121,1,0,,,Goods-in inspection,B-106-003-W05
INS-00279,2026-02-04,SUP-001,CMP-101,CNC Turning,Journal Diameter,25.0,24.98,25.02,mm,24.9947,1,0,,,Goods-in inspection,B-101-001-W05
INS-00280,2026-02-04,SUP-001,CMP-101,CNC Turning,Journal Diameter,25.0,24.98,25.02,mm,24.9971,1,0,,,Goods-in inspection,B-101-001-W05
INS-00281,2026-02-04,SUP-001,CMP-101,CNC Turning,Journal Diameter,25.0,24.98,25.02,mm,24.9987,1,0,,,Goods-in inspection,B-101-001-W05
INS-00294,2026-02-04,SUP-003,CMP-102,CNC Milling,Bore Diameter,60.0,59.95,60.05,mm,59.9847,1,0,,,Goods-in inspection,B-102-003-W05
INS-00295,2026-02-04,SUP-003,CMP-102,CNC Milling,Bore Diameter,60.0,59.95,60.05,mm,60.0028,1,0,,,Goods-in inspection,B-102-003-W05
INS-00303,2026-02-04,SUP-002,CMP-103,CNC Milling,Hub Thickness,8.0,7.97,8.03,mm,7.99,1,0,,,Goods-in inspection,B-103-002-W05
INS-00311,2026-02-04,SUP-004,CMP-104,Cylindrical Grinding,Bore Diameter,42.0,41.975,42.025,mm,41.9982,1,0,,,Goods-in inspection,B-104-004-W05
INS-00317,2026-02-04,SUP-001,CMP-104,Cylindrical Grinding,Bore Diameter,42.0,41.975,42.025,mm,41.9996,1,0,,,Goods-in inspection,B-104-001-W05
INS-00323,2026-02-04,SUP-005,CMP-105,Cylindrical Grinding,Pitch Diameter,18.0,17.985,18.015,mm,17.9987,1,0,,,Goods-in inspection,B-105-005-W05
INS-00324,2026-02-04,SUP-005,CMP-105,Cylindrical Grinding,Pitch Diameter,18.0,17.985,18.015,mm,17.9968,1,0,,,Goods-in inspection,B-105-005-W05
INS-00331,2026-02-04,SUP-004,CMP-106,CNC Milling,Oil Port Position,12.0,11.96,12.04,mm,12.0013,1,0,,,Goods-in inspection,B-106-004-W05
INS-00332,2026-02-04,SUP-004,CMP-106,CNC Milling,Oil Port Position,12.0,11.96,12.04,mm,11.9967,1,0,,,Goods-in inspection,B-106-004-W05
INS-00338,2026-02-04,SUP-003,CMP-106,CNC Milling,Oil Port Position,12.0,11.96,12.04,mm,12.0246,1,0,,,Goods-in inspection,B-106-003-W05
INS-00282,2026-02-05,SUP-001,CMP-101,CNC Turning,Journal Diameter,25.0,24.98,25.02,mm,25.0058,1,0,,,Goods-in inspection,B-101-001-W05
INS-00283,2026-02-05,SUP-001,CMP-101,CNC Turning,Journal Diameter,25.0,24.98,25.02,mm,24.9943,1,0,,,Goods-in inspection,B-101-001-W05
INS-00284,2026-02-05,SUP-001,CMP-101,CNC Turning,Journal Diameter,25.0,24.98,25.02,mm,25.0036,1,0,,,Goods-in inspection,B-101-001-W05
INS-00289,2026-02-05,SUP-002,CMP-101,CNC Turning,Journal Diameter,25.0,24.98,25.02,mm,25.0078,1,0,,,Goods-in inspection,B-101-002-W05
INS-00296,2026-02-05,SUP-003,CMP-102,CNC Milling,Bore Diameter,60.0,59.95,60.05,mm,59.9933,1,0,,,Goods-in inspection,B-102-003-W05
INS-00297,2026-02-05,SUP-003,CMP-102,CNC Milling,Bore Diameter,60.0,59.95,60.05,mm,59.9627,1,0,,,Goods-in inspection,B-102-003-W05
INS-00304,2026-02-05,SUP-002,CMP-103,CNC Milling,Hub Thickness,8.0,7.97,8.03,mm,7.9956,1,0,,,Goods-in inspection,B-103-002-W05
INS-00305,2026-02-05,SUP-002,CMP-103,CNC Milling,Hub Thickness,8.0,7.97,8.03,mm,8.0046,1,0,,,Goods-in inspection,B-103-002-W05
INS-00312,2026-02-05,SUP-004,CMP-104,Cylindrical Grinding,Bore Diameter,42.0,41.975,42.025,mm,42.0066,1,0,,,Goods-in inspection,B-104-004-W05
INS-00313,2026-02-05,SUP-004,CMP-104,Cylindrical Grinding,Bore Diameter,42.0,41.975,42.025,mm,42.0117,1,0,,,Goods-in inspection,B-104-004-W05
INS-00318,2026-02-05,SUP-001,CMP-104,Cylindrical Grinding,Bore Diameter,42.0,41.975,42.025,mm,41.9877,1,0,,,Goods-in inspection,B-104-001-W05
INS-00325,2026-02-05,SUP-005,CMP-105,Cylindrical Grinding,Pitch Diameter,18.0,17.985,18.015,mm,18.0058,1,0,,,Goods-in inspection,B-105-005-W05
INS-00326,2026-02-05,SUP-005,CMP-105,Cylindrical Grinding,Pitch Diameter,18.0,17.985,18.015,mm,18.0019,1,0,,,Goods-in inspection,B-105-005-W05
INS-00333,2026-02-05,SUP-004,CMP-106,CNC Milling,Oil Port Position,12.0,11.96,12.04,mm,11.9926,1,0,,,Goods-in inspection,B-106-004-W05
INS-00339,2026-02-05,SUP-003,CMP-106,CNC Milling,Oil Port Position,12.0,11.96,12.04,mm,11.9891,1,0,,,Goods-in inspection,B-106-003-W05
INS-00285,2026-02-06,SUP-001,CMP-101,CNC Turning,Journal Diameter,25.0,24.98,25.02,mm,25.0025,1,0,,,Goods-in inspection,B-101-001-W05
INS-00286,2026-02-06,SUP-001,CMP-101,CNC Turning,Journal Diameter,25.0,24.98,25.02,mm,24.9944,1,0,,,Goods-in inspection,B-101-001-W05
INS-00298,2026-02-06,SUP-003,CMP-102,CNC Milling,Bore Diameter,60.0,59.95,60.05,mm,60.0088,1,0,,,Goods-in inspection,B-102-003-W05
INS-00306,2026-02-06,SUP-002,CMP-103,CNC Milling,Hub Thickness,8.0,7.97,8.03,mm,7.9954,1,0,,,Goods-in inspection,B-103-002-W05
INS-00314,2026-02-06,SUP-004,CMP-104,Cylindrical Grinding,Bore Diameter,42.0,41.975,42.025,mm,42.0011,1,0,,,Goods-in inspection,B-104-004-W05
INS-00327,2026-02-06,SUP-005,CMP-105,Cylindrical Grinding,Pitch Diameter,18.0,17.985,18.015,mm,17.9954,1,0,,,Goods-in inspection,B-105-005-W05
INS-00334,2026-02-06,SUP-004,CMP-106,CNC Milling,Oil Port Position,12.0,11.96,12.04,mm,12.0143,1,0,,,Goods-in inspection,B-106-004-W05
INS-00340,2026-02-06,SUP-003,CMP-106,CNC Milling,Oil Port Position,12.0,11.96,12.04,mm,12.0061,1,0,,,Goods-in inspection,B-106-003-W05
INS-00341,2026-02-09,SUP-001,CMP-101,CNC Turning,Journal Diameter,25.0,24.98,25.02,mm,24.9977,1,0,,,Goods-in inspection,B-101-001-W06
INS-00342,2026-02-09,SUP-001,CMP-101,CNC Turning,Journal Diameter,25.0,24.98,25.02,mm,25.0072,1,0,,,Goods-in inspection,B-101-001-W06
INS-00343,2026-02-09,SUP-001,CMP-101,CNC Turning,Journal Diameter,25.0,24.98,25.02,mm,25.0002,1,0,,,Goods-in inspection,B-101-001-W06
INS-00355,2026-02-09,SUP-002,CMP-101,CNC Turning,Journal Diameter,25.0,24.98,25.02,mm,25.0003,1,0,,,Goods-in inspection,B-101-002-W06
INS-00358,2026-02-09,SUP-003,CMP-102,CNC Milling,Bore Diameter,60.0,59.95,60.05,mm,60.0003,1,0,,,Goods-in inspection,B-102-003-W06
INS-00359,2026-02-09,SUP-003,CMP-102,CNC Milling,Bore Diameter,60.0,59.95,60.05,mm,60.0145,1,0,,,Goods-in inspection,B-102-003-W06
INS-00367,2026-02-09,SUP-002,CMP-103,CNC Milling,Hub Thickness,8.0,7.97,8.03,mm,8.0026,1,0,,,Goods-in inspection,B-103-002-W06
INS-00368,2026-02-09,SUP-002,CMP-103,CNC Milling,Hub Thickness,8.0,7.97,8.03,mm,7.9959,1,0,,,Goods-in inspection,B-103-002-W06
INS-00375,2026-02-09,SUP-004,CMP-104,Cylindrical Grinding,Bore Diameter,42.0,41.975,42.025,mm,42.0004,1,0,,,Goods-in inspection,B-104-004-W06
INS-00376,2026-02-09,SUP-004,CMP-104,Cylindrical Grinding,Bore Diameter,42.0,41.975,42.025,mm,41.9935,1,0,,,Goods-in inspection,B-104-004-W06
INS-00383,2026-02-09,SUP-001,CMP-104,Cylindrical Grinding,Bore Diameter,42.0,41.975,42.025,mm,42.0106,1,0,,,Goods-in inspection,B-104-001-W06
INS-00387,2026-02-09,SUP-005,CMP-105,Cylindrical Grinding,Pitch Diameter,18.0,17.985,18.015,mm,17.9994,1,0,,,Goods-in inspection,B-105-005-W06
INS-00388,2026-02-09,SUP-005,CMP-105,Cylindrical Grinding,Pitch Diameter,18.0,17.985,18.015,mm,17.9946,1,0,,,Goods-in inspection,B-105-005-W06
INS-00396,2026-02-09,SUP-004,CMP-106,CNC Milling,Oil Port Position,12.0,11.96,12.04,mm,11.9915,1,0,,,Goods-in inspection,B-106-004-W06
INS-00397,2026-02-09,SUP-004,CMP-106,CNC Milling,Oil Port Position,12.0,11.96,12.04,mm,12.0091,1,0,,,Goods-in inspection,B-106-004-W06
INS-00403,2026-02-09,SUP-003,CMP-106,CNC Milling,Oil Port Position,12.0,11.96,12.04,mm,12.0071,1,0,,,Goods-in inspection,B-106-003-W06
INS-00404,2026-02-09,SUP-003,CMP-106,CNC Milling,Oil Port Position,12.0,11.96,12.04,mm,12.0158,1,0,,,Goods-in inspection,B-106-003-W06
INS-00344,2026-02-10,SUP-001,CMP-101,CNC Turning,Journal Diameter,25.0,24.98,25.02,mm,25.0067,1,0,,,Goods-in inspection,B-101-001-W06
INS-00345,2026-02-10,SUP-001,CMP-101,CNC Turning,Journal Diameter,25.0,24.98,25.02,mm,24.996,1,0,,,Goods-in inspection,B-101-001-W06
INS-00346,2026-02-10,SUP-001,CMP-101,CNC Turning,Journal Diameter,25.0,24.98,25.02,mm,24.9925,1,0,,,Goods-in inspection,B-101-001-W06
INS-00356,2026-02-10,SUP-002,CMP-101,CNC Turning,Journal Diameter,25.0,24.98,25.02,mm,24.9985,1,0,,,Goods-in inspection,B-101-002-W06
INS-00360,2026-02-10,SUP-003,CMP-102,CNC Milling,Bore Diameter,60.0,59.95,60.05,mm,60.009,1,0,,,Goods-in inspection,B-102-003-W06
INS-00361,2026-02-10,SUP-003,CMP-102,CNC Milling,Bore Diameter,60.0,59.95,60.05,mm,60.0136,1,0,,,Goods-in inspection,B-102-003-W06
INS-00369,2026-02-10,SUP-002,CMP-103,CNC Milling,Hub Thickness,8.0,7.97,8.03,mm,7.9967,1,0,,,Goods-in inspection,B-103-002-W06
INS-00370,2026-02-10,SUP-002,CMP-103,CNC Milling,Hub Thickness,8.0,7.97,8.03,mm,7.9917,1,0,,,Goods-in inspection,B-103-002-W06
INS-00377,2026-02-10,SUP-004,CMP-104,Cylindrical Grinding,Bore Diameter,42.0,41.975,42.025,mm,42.001,1,0,,,Goods-in inspection,B-104-004-W06
INS-00378,2026-02-10,SUP-004,CMP-104,Cylindrical Grinding,Bore Diameter,42.0,41.975,42.025,mm,41.9992,1,0,,,Goods-in inspection,B-104-004-W06
INS-00384,2026-02-10,SUP-001,CMP-104,Cylindrical Grinding,Bore Diameter,42.0,41.975,42.025,mm,41.9926,1,0,,,Goods-in inspection,B-104-001-W06
INS-00389,2026-02-10,SUP-005,CMP-105,Cylindrical Grinding,Pitch Diameter,18.0,17.985,18.015,mm,17.9912,1,0,,,Goods-in inspection,B-105-005-W06
INS-00390,2026-02-10,SUP-005,CMP-105,Cylindrical Grinding,Pitch Diameter,18.0,17.985,18.015,mm,17.9995,1,0,,,Goods-in inspection,B-105-005-W06
INS-00398,2026-02-10,SUP-004,CMP-106,CNC Milling,Oil Port Position,12.0,11.96,12.04,mm,11.9997,1,0,,,Goods-in inspection,B-106-004-W06
INS-00405,2026-02-10,SUP-003,CMP-106,CNC Milling,Oil Port Position,12.0,11.96,12.04,mm,11.9925,1,0,,,Goods-in inspection,B-106-003-W06
INS-00347,2026-02-11,SUP-001,CMP-101,CNC Turning,Journal Diameter,25.0,24.98,25.02,mm,24.9964,1,0,,,Goods-in inspection,B-101-001-W06
INS-00348,2026-02-11,SUP-001,CMP-101,CNC Turning,Journal Diameter,25.0,24.98,25.02,mm,25.0025,1,0,,,Goods-in inspection,B-101-001-W06
INS-00349,2026-02-11,SUP-001,CMP-101,CNC Turning,Journal Diameter,25.0,24.98,25.02,mm,24.999,1,0,,,Goods-in inspection,B-101-001-W06
INS-00362,2026-02-11,SUP-003,CMP-102,CNC Milling,Bore Diameter,60.0,59.95,60.05,mm,60.0175,1,0,,,Goods-in inspection,B-102-003-W06
INS-00363,2026-02-11,SUP-003,CMP-102,CNC Milling,Bore Diameter,60.0,59.95,60.05,mm,60.0067,1,0,,,Goods-in inspection,B-102-003-W06
INS-00371,2026-02-11,SUP-002,CMP-103,CNC Milling,Hub Thickness,8.0,7.97,8.03,mm,8.0058,1,0,,,Goods-in inspection,B-103-002-W06
INS-00379,2026-02-11,SUP-004,CMP-104,Cylindrical Grinding,Bore Diameter,42.0,41.975,42.025,mm,41.9943,1,0,,,Goods-in inspection,B-104-004-W06
INS-00385,2026-02-11,SUP-001,CMP-104,Cylindrical Grinding,Bore Diameter,42.0,41.975,42.025,mm,41.9949,1,0,,,Goods-in inspection,B-104-001-W06
INS-00391,2026-02-11,SUP-005,CMP-105,Cylindrical Grinding,Pitch Diameter,18.0,17.985,18.015,mm,17.9993,1,0,,,Goods-in inspection,B-105-005-W06
INS-00392,2026-02-11,SUP-005,CMP-105,Cylindrical Grinding,Pitch Diameter,18.0,17.985,18.015,mm,18.0012,1,0,,,Goods-in inspection,B-105-005-W06
INS-00399,2026-02-11,SUP-004,CMP-106,CNC Milling,Oil Port Position,12.0,11.96,12.04,mm,12.0162,1,0,,,Goods-in inspection,B-106-004-W06
INS-00400,2026-02-11,SUP-004,CMP-106,CNC Milling,Oil Port Position,12.0,11.96,12.04,mm,12.024,1,0,,,Goods-in inspection,B-106-004-W06
INS-00406,2026-02-11,SUP-003,CMP-106,CNC Milling,Oil Port Position,12.0,11.96,12.04,mm,12.017,1,0,,,Goods-in inspection,B-106-003-W06
INS-00350,2026-02-12,SUP-001,CMP-101,CNC Turning,Journal Diameter,25.0,24.98,25.02,mm,24.9994,1,0,,,Goods-in inspection,B-101-001-W06
INS-00351,2026-02-12,SUP-001,CMP-101,CNC Turning,Journal Diameter,25.0,24.98,25.02,mm,24.9964,1,0,,,Goods-in inspection,B-101-001-W06
INS-00352,2026-02-12,SUP-001,CMP-101,CNC Turning,Journal Diameter,25.0,24.98,25.02,mm,25.0067,1,0,,,Goods-in inspection,B-101-001-W06
INS-00357,2026-02-12,SUP-002,CMP-101,CNC Turning,Journal Diameter,25.0,24.98,25.02,mm,25.006,1,0,,,Goods-in inspection,B-101-002-W06
INS-00364,2026-02-12,SUP-003,CMP-102,CNC Milling,Bore Diameter,60.0,59.95,60.05,mm,59.9977,1,0,,,Goods-in inspection,B-102-003-W06
INS-00365,2026-02-12,SUP-003,CMP-102,CNC Milling,Bore Diameter,60.0,59.95,60.05,mm,60.0027,1,0,,,Goods-in inspection,B-102-003-W06
INS-00372,2026-02-12,SUP-002,CMP-103,CNC Milling,Hub Thickness,8.0,7.97,8.03,mm,7.9983,1,0,,,Goods-in inspection,B-103-002-W06
INS-00373,2026-02-12,SUP-002,CMP-103,CNC Milling,Hub Thickness,8.0,7.97,8.03,mm,7.9867,1,0,,,Goods-in inspection,B-103-002-W06
INS-00380,2026-02-12,SUP-004,CMP-104,Cylindrical Grinding,Bore Diameter,42.0,41.975,42.025,mm,41.9836,1,0,,,Goods-in inspection,B-104-004-W06
INS-00381,2026-02-12,SUP-004,CMP-104,Cylindrical Grinding,Bore Diameter,42.0,41.975,42.025,mm,41.9962,1,0,,,Goods-in inspection,B-104-004-W06
INS-00386,2026-02-12,SUP-001,CMP-104,Cylindrical Grinding,Bore Diameter,42.0,41.975,42.025,mm,42.0105,1,0,,,Goods-in inspection,B-104-001-W06
INS-00393,2026-02-12,SUP-005,CMP-105,Cylindrical Grinding,Pitch Diameter,18.0,17.985,18.015,mm,17.9924,1,0,,,Goods-in inspection,B-105-005-W06
INS-00394,2026-02-12,SUP-005,CMP-105,Cylindrical Grinding,Pitch Diameter,18.0,17.985,18.015,mm,17.9942,1,0,,,Goods-in inspection,B-105-005-W06
INS-00401,2026-02-12,SUP-004,CMP-106,CNC Milling,Oil Port Position,12.0,11.96,12.04,mm,12.0054,1,0,,,Goods-in inspection,B-106-004-W06
INS-00407,2026-02-12,SUP-003,CMP-106,CNC Milling,Oil Port Position,12.0,11.96,12.04,mm,12.0167,1,0,,,Goods-in inspection,B-106-003-W06
INS-00353,2026-02-13,SUP-001,CMP-101,CNC Turning,Journal Diameter,25.0,24.98,25.02,mm,25.0067,1,0,,,Goods-in inspection,B-101-001-W06
INS-00354,2026-02-13,SUP-001,CMP-101,CNC Turning,Journal Diameter,25.0,24.98,25.02,mm,24.9945,1,0,,,Goods-in inspection,B-101-001-W06
INS-00366,2026-02-13,SUP-003,CMP-102,CNC Milling,Bore Diameter,60.0,59.95,60.05,mm,60.0101,1,0,,,Goods-in inspection,B-102-003-W06
INS-00374,2026-02-13,SUP-002,CMP-103,CNC Milling,Hub Thickness,8.0,7.97,8.03,mm,7.9845,1,0,,,Goods-in inspection,B-103-002-W06
INS-00382,2026-02-13,SUP-004,CMP-104,Cylindrical Grinding,Bore Diameter,42.0,41.975,42.025,mm,42.0024,1,1,Visual defect,Minor,Goods-in inspection,B-104-004-W06
INS-00395,2026-02-13,SUP-005,CMP-105,Cylindrical Grinding,Pitch Diameter,18.0,17.985,18.015,mm,17.9928,1,0,,,Goods-in inspection,B-105-005-W06
INS-00402,2026-02-13,SUP-004,CMP-106,CNC Milling,Oil Port Position,12.0,11.96,12.04,mm,12.018,1,0,,,Goods-in inspection,B-106-004-W06
INS-00408,2026-02-13,SUP-003,CMP-106,CNC Milling,Oil Port Position,12.0,11.96,12.04,mm,11.9973,1,0,,,Goods-in inspection,B-106-003-W06
INS-00409,2026-02-16,SUP-001,CMP-101,CNC Turning,Journal Diameter,25.0,24.98,25.02,mm,25.0017,1,0,,,Goods-in inspection,B-101-001-W07
INS-00410,2026-02-16,SUP-001,CMP-101,CNC Turning,Journal Diameter,25.0,24.98,25.02,mm,25.0053,1,0,,,Goods-in inspection,B-101-001-W07
INS-00411,2026-02-16,SUP-001,CMP-101,CNC Turning,Journal Diameter,25.0,24.98,25.02,mm,24.9984,1,0,,,Goods-in inspection,B-101-001-W07
INS-00423,2026-02-16,SUP-002,CMP-101,CNC Turning,Journal Diameter,25.0,24.98,25.02,mm,24.9973,1,0,,,Goods-in inspection,B-101-002-W07
INS-00426,2026-02-16,SUP-003,CMP-102,CNC Milling,Bore Diameter,60.0,59.95,60.05,mm,60.0039,1,0,,,Goods-in inspection,B-102-003-W07
INS-00427,2026-02-16,SUP-003,CMP-102,CNC Milling,Bore Diameter,60.0,59.95,60.05,mm,59.9654,1,0,,,Goods-in inspection,B-102-003-W07
INS-00435,2026-02-16,SUP-002,CMP-103,CNC Milling,Hub Thickness,8.0,7.97,8.03,mm,8.0133,1,0,,,Goods-in inspection,B-103-002-W07
INS-00436,2026-02-16,SUP-002,CMP-103,CNC Milling,Hub Thickness,8.0,7.97,8.03,mm,7.9827,1,0,,,Goods-in inspection,B-103-002-W07
INS-00443,2026-02-16,SUP-004,CMP-104,Cylindrical Grinding,Bore Diameter,42.0,41.975,42.025,mm,41.9984,1,0,,,Goods-in inspection,B-104-004-W07
INS-00444,2026-02-16,SUP-004,CMP-104,Cylindrical Grinding,Bore Diameter,42.0,41.975,42.025,mm,41.9879,1,0,,,Goods-in inspection,B-104-004-W07
INS-00451,2026-02-16,SUP-001,CMP-104,Cylindrical Grinding,Bore Diameter,42.0,41.975,42.025,mm,42.0024,1,0,,,Goods-in inspection,B-104-001-W07
INS-00455,2026-02-16,SUP-005,CMP-105,Cylindrical Grinding,Pitch Diameter,18.0,17.985,18.015,mm,17.9987,1,0,,,Goods-in inspection,B-105-005-W07
INS-00456,2026-02-16,SUP-005,CMP-105,Cylindrical Grinding,Pitch Diameter,18.0,17.985,18.015,mm,18.0002,1,0,,,Goods-in inspection,B-105-005-W07
INS-00464,2026-02-16,SUP-004,CMP-106,CNC Milling,Oil Port Position,12.0,11.96,12.04,mm,12.0142,1,0,,,Goods-in inspection,B-106-004-W07
INS-00465,2026-02-16,SUP-004,CMP-106,CNC Milling,Oil Port Position,12.0,11.96,12.04,mm,12.0095,1,1,Positional tolerance,Minor,Goods-in inspection,B-106-004-W07
INS-00471,2026-02-16,SUP-003,CMP-106,CNC Milling,Oil Port Position,12.0,11.96,12.04,mm,11.9992,1,0,,,Goods-in inspection,B-106-003-W07
INS-00472,2026-02-16,SUP-003,CMP-106,CNC Milling,Oil Port Position,12.0,11.96,12.04,mm,11.9779,1,0,,,Goods-in inspection,B-106-003-W07
INS-00412,2026-02-17,SUP-001,CMP-101,CNC Turning,Journal Diameter,25.0,24.98,25.02,mm,24.9929,1,0,,,Goods-in inspection,B-101-001-W07
INS-00413,2026-02-17,SUP-001,CMP-101,CNC Turning,Journal Diameter,25.0,24.98,25.02,mm,25.0044,1,0,,,Goods-in inspection,B-101-001-W07
INS-00414,2026-02-17,SUP-001,CMP-101,CNC Turning,Journal Diameter,25.0,24.98,25.02,mm,24.9995,1,0,,,Goods-in inspection,B-101-001-W07
INS-00424,2026-02-17,SUP-002,CMP-101,CNC Turning,Journal Diameter,25.0,24.98,25.02,mm,24.9955,1,1,Burr,Minor,Final inspection,B-101-002-W07
INS-00428,2026-02-17,SUP-003,CMP-102,CNC Milling,Bore Diameter,60.0,59.95,60.05,mm,59.9919,1,0,,,Goods-in inspection,B-102-003-W07
INS-00429,2026-02-17,SUP-003,CMP-102,CNC Milling,Bore Diameter,60.0,59.95,60.05,mm,59.993,1,0,,,Goods-in inspection,B-102-003-W07
INS-00437,2026-02-17,SUP-002,CMP-103,CNC Milling,Hub Thickness,8.0,7.97,8.03,mm,8.0052,1,0,,,Goods-in inspection,B-103-002-W07
INS-00438,2026-02-17,SUP-002,CMP-103,CNC Milling,Hub Thickness,8.0,7.97,8.03,mm,8.0042,1,0,,,Goods-in inspection,B-103-002-W07
INS-00445,2026-02-17,SUP-004,CMP-104,Cylindrical Grinding,Bore Diameter,42.0,41.975,42.025,mm,41.998,1,0,,,Goods-in inspection,B-104-004-W07
INS-00446,2026-02-17,SUP-004,CMP-104,Cylindrical Grinding,Bore Diameter,42.0,41.975,42.025,mm,41.991,1,0,,,Goods-in inspection,B-104-004-W07
INS-00452,2026-02-17,SUP-001,CMP-104,Cylindrical Grinding,Bore Diameter,42.0,41.975,42.025,mm,42.0025,1,0,,,Goods-in inspection,B-104-001-W07
INS-00457,2026-02-17,SUP-005,CMP-105,Cylindrical Grinding,Pitch Diameter,18.0,17.985,18.015,mm,17.9946,1,0,,,Goods-in inspection,B-105-005-W07
INS-00458,2026-02-17,SUP-005,CMP-105,Cylindrical Grinding,Pitch Diameter,18.0,17.985,18.015,mm,17.9911,1,0,,,Goods-in inspection,B-105-005-W07
INS-00466,2026-02-17,SUP-004,CMP-106,CNC Milling,Oil Port Position,12.0,11.96,12.04,mm,12.0119,1,0,,,Goods-in inspection,B-106-004-W07
INS-00473,2026-02-17,SUP-003,CMP-106,CNC Milling,Oil Port Position,12.0,11.96,12.04,mm,12.0008,1,0,,,Goods-in inspection,B-106-003-W07
INS-00415,2026-02-18,SUP-001,CMP-101,CNC Turning,Journal Diameter,25.0,24.98,25.02,mm,24.9995,1,0,,,Goods-in inspection,B-101-001-W07
INS-00416,2026-02-18,SUP-001,CMP-101,CNC Turning,Journal Diameter,25.0,24.98,25.02,mm,24.9992,1,0,,,Goods-in inspection,B-101-001-W07
INS-00417,2026-02-18,SUP-001,CMP-101,CNC Turning,Journal Diameter,25.0,24.98,25.02,mm,24.9913,1,0,,,Goods-in inspection,B-101-001-W07
INS-00430,2026-02-18,SUP-003,CMP-102,CNC Milling,Bore Diameter,60.0,59.95,60.05,mm,60.004,1,0,,,Goods-in inspection,B-102-003-W07
INS-00431,2026-02-18,SUP-003,CMP-102,CNC Milling,Bore Diameter,60.0,59.95,60.05,mm,60.0165,1,0,,,Goods-in inspection,B-102-003-W07
INS-00439,2026-02-18,SUP-002,CMP-103,CNC Milling,Hub Thickness,8.0,7.97,8.03,mm,7.9981,1,0,,,Goods-in inspection,B-103-002-W07
INS-00447,2026-02-18,SUP-004,CMP-104,Cylindrical Grinding,Bore Diameter,42.0,41.975,42.025,mm,41.9945,1,0,,,Goods-in inspection,B-104-004-W07
INS-00453,2026-02-18,SUP-001,CMP-104,Cylindrical Grinding,Bore Diameter,42.0,41.975,42.025,mm,41.9943,1,0,,,Goods-in inspection,B-104-001-W07
INS-00459,2026-02-18,SUP-005,CMP-105,Cylindrical Grinding,Pitch Diameter,18.0,17.985,18.015,mm,18.0032,1,0,,,Goods-in inspection,B-105-005-W07
INS-00460,2026-02-18,SUP-005,CMP-105,Cylindrical Grinding,Pitch Diameter,18.0,17.985,18.015,mm,17.9965,1,0,,,Goods-in inspection,B-105-005-W07
INS-00467,2026-02-18,SUP-004,CMP-106,CNC Milling,Oil Port Position,12.0,11.96,12.04,mm,11.9912,1,1,Burr,Minor,Final inspection,B-106-004-W07
INS-00468,2026-02-18,SUP-004,CMP-106,CNC Milling,Oil Port Position,12.0,11.96,12.04,mm,12.0108,1,0,,,Goods-in inspection,B-106-004-W07
INS-00474,2026-02-18,SUP-003,CMP-106,CNC Milling,Oil Port Position,12.0,11.96,12.04,mm,12.0039,1,0,,,Goods-in inspection,B-106-003-W07
INS-00418,2026-02-19,SUP-001,CMP-101,CNC Turning,Journal Diameter,25.0,24.98,25.02,mm,25.0112,1,0,,,Goods-in inspection,B-101-001-W07
INS-00419,2026-02-19,SUP-001,CMP-101,CNC Turning,Journal Diameter,25.0,24.98,25.02,mm,25.0001,1,0,,,Goods-in inspection,B-101-001-W07
INS-00420,2026-02-19,SUP-001,CMP-101,CNC Turning,Journal Diameter,25.0,24.98,25.02,mm,25.0036,1,0,,,Goods-in inspection,B-101-001-W07
INS-00425,2026-02-19,SUP-002,CMP-101,CNC Turning,Journal Diameter,25.0,24.98,25.02,mm,24.9979,1,0,,,Goods-in inspection,B-101-002-W07
INS-00432,2026-02-19,SUP-003,CMP-102,CNC Milling,Bore Diameter,60.0,59.95,60.05,mm,60.017,1,0,,,Goods-in inspection,B-102-003-W07
INS-00433,2026-02-19,SUP-003,CMP-102,CNC Milling,Bore Diameter,60.0,59.95,60.05,mm,59.9886,1,0,,,Goods-in inspection,B-102-003-W07
INS-00440,2026-02-19,SUP-002,CMP-103,CNC Milling,Hub Thickness,8.0,7.97,8.03,mm,8.0113,1,0,,,Goods-in inspection,B-103-002-W07
INS-00441,2026-02-19,SUP-002,CMP-103,CNC Milling,Hub Thickness,8.0,7.97,8.03,mm,8.0,1,0,,,Goods-in inspection,B-103-002-W07
INS-00448,2026-02-19,SUP-004,CMP-104,Cylindrical Grinding,Bore Diameter,42.0,41.975,42.025,mm,42.0078,1,0,,,Goods-in inspection,B-104-004-W07
INS-00449,2026-02-19,SUP-004,CMP-104,Cylindrical Grinding,Bore Diameter,42.0,41.975,42.025,mm,42.0038,1,0,,,Goods-in inspection,B-104-004-W07
INS-00454,2026-02-19,SUP-001,CMP-104,Cylindrical Grinding,Bore Diameter,42.0,41.975,42.025,mm,41.9998,1,0,,,Goods-in inspection,B-104-001-W07
INS-00461,2026-02-19,SUP-005,CMP-105,Cylindrical Grinding,Pitch Diameter,18.0,17.985,18.015,mm,18.0055,1,0,,,Goods-in inspection,B-105-005-W07
INS-00462,2026-02-19,SUP-005,CMP-105,Cylindrical Grinding,Pitch Diameter,18.0,17.985,18.015,mm,18.0076,1,0,,,Goods-in inspection,B-105-005-W07
INS-00469,2026-02-19,SUP-004,CMP-106,CNC Milling,Oil Port Position,12.0,11.96,12.04,mm,11.9918,1,0,,,Goods-in inspection,B-106-004-W07
INS-00475,2026-02-19,SUP-003,CMP-106,CNC Milling,Oil Port Position,12.0,11.96,12.04,mm,12.0138,1,0,,,Goods-in inspection,B-106-003-W07
INS-00421,2026-02-20,SUP-001,CMP-101,CNC Turning,Journal Diameter,25.0,24.98,25.02,mm,24.9969,1,0,,,Goods-in inspection,B-101-001-W07
INS-00422,2026-02-20,SUP-001,CMP-101,CNC Turning,Journal Diameter,25.0,24.98,25.02,mm,25.0016,1,0,,,Goods-in inspection,B-101-001-W07
INS-00434,2026-02-20,SUP-003,CMP-102,CNC Milling,Bore Diameter,60.0,59.95,60.05,mm,60.0351,1,0,,,Goods-in inspection,B-102-003-W07
INS-00442,2026-02-20,SUP-002,CMP-103,CNC Milling,Hub Thickness,8.0,7.97,8.03,mm,8.004,1,0,,,Goods-in inspection,B-103-002-W07
INS-00450,2026-02-20,SUP-004,CMP-104,Cylindrical Grinding,Bore Diameter,42.0,41.975,42.025,mm,42.0049,1,0,,,Goods-in inspection,B-104-004-W07
INS-00463,2026-02-20,SUP-005,CMP-105,Cylindrical Grinding,Pitch Diameter,18.0,17.985,18.015,mm,18.0029,1,0,,,Goods-in inspection,B-105-005-W07
INS-00470,2026-02-20,SUP-004,CMP-106,CNC Milling,Oil Port Position,12.0,11.96,12.04,mm,12.0122,1,0,,,Goods-in inspection,B-106-004-W07
INS-00476,2026-02-20,SUP-003,CMP-106,CNC Milling,Oil Port Position,12.0,11.96,12.04,mm,12.0038,1,0,,,Goods-in inspection,B-106-003-W07
INS-00477,2026-02-23,SUP-001,CMP-101,CNC Turning,Journal Diameter,25.0,24.98,25.02,mm,25.0013,1,0,,,Goods-in inspection,B-101-001-W08
INS-00478,2026-02-23,SUP-001,CMP-101,CNC Turning,Journal Diameter,25.0,24.98,25.02,mm,25.0004,1,0,,,Goods-in inspection,B-101-001-W08
INS-00479,2026-02-23,SUP-001,CMP-101,CNC Turning,Journal Diameter,25.0,24.98,25.02,mm,25.0019,1,0,,,Goods-in inspection,B-101-001-W08
INS-00491,2026-02-23,SUP-002,CMP-101,CNC Turning,Journal Diameter,25.0,24.98,25.02,mm,24.9953,1,0,,,Goods-in inspection,B-101-002-W08
INS-00494,2026-02-23,SUP-003,CMP-102,CNC Milling,Bore Diameter,60.0,59.95,60.05,mm,59.9969,1,0,,,Goods-in inspection,B-102-003-W08
INS-00495,2026-02-23,SUP-003,CMP-102,CNC Milling,Bore Diameter,60.0,59.95,60.05,mm,60.007,1,0,,,Goods-in inspection,B-102-003-W08
INS-00503,2026-02-23,SUP-002,CMP-103,CNC Milling,Hub Thickness,8.0,7.97,8.03,mm,8.0068,1,0,,,Goods-in inspection,B-103-002-W08
INS-00504,2026-02-23,SUP-002,CMP-103,CNC Milling,Hub Thickness,8.0,7.97,8.03,mm,8.0055,1,0,,,Goods-in inspection,B-103-002-W08
INS-00511,2026-02-23,SUP-004,CMP-104,Cylindrical Grinding,Bore Diameter,42.0,41.975,42.025,mm,42.0058,1,0,,,Goods-in inspection,B-104-004-W08
INS-00512,2026-02-23,SUP-004,CMP-104,Cylindrical Grinding,Bore Diameter,42.0,41.975,42.025,mm,41.9969,1,0,,,Goods-in inspection,B-104-004-W08
INS-00519,2026-02-23,SUP-001,CMP-104,Cylindrical Grinding,Bore Diameter,42.0,41.975,42.025,mm,41.9954,1,0,,,Goods-in inspection,B-104-001-W08
INS-00523,2026-02-23,SUP-005,CMP-105,Cylindrical Grinding,Pitch Diameter,18.0,17.985,18.015,mm,17.9919,1,0,,,Goods-in inspection,B-105-005-W08
INS-00524,2026-02-23,SUP-005,CMP-105,Cylindrical Grinding,Pitch Diameter,18.0,17.985,18.015,mm,17.9973,1,0,,,Goods-in inspection,B-105-005-W08
INS-00532,2026-02-23,SUP-004,CMP-106,CNC Milling,Oil Port Position,12.0,11.96,12.04,mm,12.0025,1,0,,,Goods-in inspection,B-106-004-W08
INS-00533,2026-02-23,SUP-004,CMP-106,CNC Milling,Oil Port Position,12.0,11.96,12.04,mm,12.0254,1,0,,,Goods-in inspection,B-106-004-W08
INS-00539,2026-02-23,SUP-003,CMP-106,CNC Milling,Oil Port Position,12.0,11.96,12.04,mm,12.0198,1,0,,,Goods-in inspection,B-106-003-W08
INS-00540,2026-02-23,SUP-003,CMP-106,CNC Milling,Oil Port Position,12.0,11.96,12.04,mm,12.005,1,0,,,Goods-in inspection,B-106-003-W08
INS-00480,2026-02-24,SUP-001,CMP-101,CNC Turning,Journal Diameter,25.0,24.98,25.02,mm,24.9997,1,0,,,Goods-in inspection,B-101-001-W08
INS-00481,2026-02-24,SUP-001,CMP-101,CNC Turning,Journal Diameter,25.0,24.98,25.02,mm,24.9984,1,0,,,Goods-in inspection,B-101-001-W08
INS-00482,2026-02-24,SUP-001,CMP-101,CNC Turning,Journal Diameter,25.0,24.98,25.02,mm,25.0004,1,0,,,Goods-in inspection,B-101-001-W08
INS-00492,2026-02-24,SUP-002,CMP-101,CNC Turning,Journal Diameter,25.0,24.98,25.02,mm,24.9967,1,0,,,Goods-in inspection,B-101-002-W08
INS-00496,2026-02-24,SUP-003,CMP-102,CNC Milling,Bore Diameter,60.0,59.95,60.05,mm,60.0075,1,0,,,Goods-in inspection,B-102-003-W08
INS-00497,2026-02-24,SUP-003,CMP-102,CNC Milling,Bore Diameter,60.0,59.95,60.05,mm,60.0305,1,0,,,Goods-in inspection,B-102-003-W08
INS-00505,2026-02-24,SUP-002,CMP-103,CNC Milling,Hub Thickness,8.0,7.97,8.03,mm,7.9984,1,0,,,Goods-in inspection,B-103-002-W08
INS-00506,2026-02-24,SUP-002,CMP-103,CNC Milling,Hub Thickness,8.0,7.97,8.03,mm,8.0045,1,0,,,Goods-in inspection,B-103-002-W08
INS-00513,2026-02-24,SUP-004,CMP-104,Cylindrical Grinding,Bore Diameter,42.0,41.975,42.025,mm,41.997,1,0,,,Goods-in inspection,B-104-004-W08
INS-00514,2026-02-24,SUP-004,CMP-104,Cylindrical Grinding,Bore Diameter,42.0,41.975,42.025,mm,42.0036,1,0,,,Goods-in inspection,B-104-004-W08
INS-00520,2026-02-24,SUP-001,CMP-104,Cylindrical Grinding,Bore Diameter,42.0,41.975,42.025,mm,41.9935,1,0,,,Goods-in inspection,B-104-001-W08
INS-00525,2026-02-24,SUP-005,CMP-105,Cylindrical Grinding,Pitch Diameter,18.0,17.985,18.015,mm,18.0035,1,0,,,Goods-in inspection,B-105-005-W08
INS-00526,2026-02-24,SUP-005,CMP-105,Cylindrical Grinding,Pitch Diameter,18.0,17.985,18.015,mm,18.0029,1,0,,,Goods-in inspection,B-105-005-W08
INS-00534,2026-02-24,SUP-004,CMP-106,CNC Milling,Oil Port Position,12.0,11.96,12.04,mm,12.0264,1,0,,,Goods-in inspection,B-106-004-W08
INS-00541,2026-02-24,SUP-003,CMP-106,CNC Milling,Oil Port Position,12.0,11.96,12.04,mm,11.9643,1,0,,,Goods-in inspection,B-106-003-W08
INS-00483,2026-02-25,SUP-001,CMP-101,CNC Turning,Journal Diameter,25.0,24.98,25.02,mm,25.004,1,0,,,Goods-in inspection,B-101-001-W08
INS-00484,2026-02-25,SUP-001,CMP-101,CNC Turning,Journal Diameter,25.0,24.98,25.02,mm,25.0024,1,0,,,Goods-in inspection,B-101-001-W08
INS-00485,2026-02-25,SUP-001,CMP-101,CNC Turning,Journal Diameter,25.0,24.98,25.02,mm,24.999,1,0,,,Goods-in inspection,B-101-001-W08
INS-00498,2026-02-25,SUP-003,CMP-102,CNC Milling,Bore Diameter,60.0,59.95,60.05,mm,60.0031,1,0,,,Goods-in inspection,B-102-003-W08
INS-00499,2026-02-25,SUP-003,CMP-102,CNC Milling,Bore Diameter,60.0,59.95,60.05,mm,59.9945,1,0,,,Goods-in inspection,B-102-003-W08
INS-00507,2026-02-25,SUP-002,CMP-103,CNC Milling,Hub Thickness,8.0,7.97,8.03,mm,7.9935,1,0,,,Goods-in inspection,B-103-002-W08
INS-00515,2026-02-25,SUP-004,CMP-104,Cylindrical Grinding,Bore Diameter,42.0,41.975,42.025,mm,42.0025,1,0,,,Goods-in inspection,B-104-004-W08
INS-00521,2026-02-25,SUP-001,CMP-104,Cylindrical Grinding,Bore Diameter,42.0,41.975,42.025,mm,41.9962,1,0,,,Goods-in inspection,B-104-001-W08
INS-00527,2026-02-25,SUP-005,CMP-105,Cylindrical Grinding,Pitch Diameter,18.0,17.985,18.015,mm,18.0007,1,0,,,Goods-in inspection,B-105-005-W08
INS-00528,2026-02-25,SUP-005,CMP-105,Cylindrical Grinding,Pitch Diameter,18.0,17.985,18.015,mm,18.0009,1,0,,,Goods-in inspection,B-105-005-W08
INS-00535,2026-02-25,SUP-004,CMP-106,CNC Milling,Oil Port Position,12.0,11.96,12.04,mm,11.9981,1,0,,,Goods-in inspection,B-106-004-W08
INS-00536,2026-02-25,SUP-004,CMP-106,CNC Milling,Oil Port Position,12.0,11.96,12.04,mm,12.0091,1,0,,,Goods-in inspection,B-106-004-W08
INS-00542,2026-02-25,SUP-003,CMP-106,CNC Milling,Oil Port Position,12.0,11.96,12.04,mm,12.0122,1,0,,,Goods-in inspection,B-106-003-W08
INS-00486,2026-02-26,SUP-001,CMP-101,CNC Turning,Journal Diameter,25.0,24.98,25.02,mm,25.0038,1,0,,,Goods-in inspection,B-101-001-W08
INS-00487,2026-02-26,SUP-001,CMP-101,CNC Turning,Journal Diameter,25.0,24.98,25.02,mm,24.9986,1,0,,,Goods-in inspection,B-101-001-W08
INS-00488,2026-02-26,SUP-001,CMP-101,CNC Turning,Journal Diameter,25.0,24.98,25.02,mm,24.9967,1,0,,,Goods-in inspection,B-101-001-W08
INS-00493,2026-02-26,SUP-002,CMP-101,CNC Turning,Journal Diameter,25.0,24.98,25.02,mm,25.0011,1,0,,,Goods-in inspection,B-101-002-W08
INS-00500,2026-02-26,SUP-003,CMP-102,CNC Milling,Bore Diameter,60.0,59.95,60.05,mm,59.985,1,0,,,Goods-in inspection,B-102-003-W08
INS-00501,2026-02-26,SUP-003,CMP-102,CNC Milling,Bore Diameter,60.0,59.95,60.05,mm,59.9715,1,0,,,Goods-in inspection,B-102-003-W08
INS-00508,2026-02-26,SUP-002,CMP-103,CNC Milling,Hub Thickness,8.0,7.97,8.03,mm,7.99,1,0,,,Goods-in inspection,B-103-002-W08
INS-00509,2026-02-26,SUP-002,CMP-103,CNC Milling,Hub Thickness,8.0,7.97,8.03,mm,7.9983,1,0,,,Goods-in inspection,B-103-002-W08
INS-00516,2026-02-26,SUP-004,CMP-104,Cylindrical Grinding,Bore Diameter,42.0,41.975,42.025,mm,42.0053,1,0,,,Goods-in inspection,B-104-004-W08
INS-00517,2026-02-26,SUP-004,CMP-104,Cylindrical Grinding,Bore Diameter,42.0,41.975,42.025,mm,42.0026,1,0,,,Goods-in inspection,B-104-004-W08
INS-00522,2026-02-26,SUP-001,CMP-104,Cylindrical Grinding,Bore Diameter,42.0,41.975,42.025,mm,41.9968,1,0,,,Goods-in inspection,B-104-001-W08
INS-00529,2026-02-26,SUP-005,CMP-105,Cylindrical Grinding,Pitch Diameter,18.0,17.985,18.015,mm,17.997,1,0,,,Goods-in inspection,B-105-005-W08
INS-00530,2026-02-26,SUP-005,CMP-105,Cylindrical Grinding,Pitch Diameter,18.0,17.985,18.015,mm,17.9947,1,0,,,Goods-in inspection,B-105-005-W08
INS-00537,2026-02-26,SUP-004,CMP-106,CNC Milling,Oil Port Position,12.0,11.96,12.04,mm,12.0048,1,0,,,Goods-in inspection,B-106-004-W08
INS-00543,2026-02-26,SUP-003,CMP-106,CNC Milling,Oil Port Position,12.0,11.96,12.04,mm,11.9866,1,0,,,Goods-in inspection,B-106-003-W08
INS-00489,2026-02-27,SUP-001,CMP-101,CNC Turning,Journal Diameter,25.0,24.98,25.02,mm,25.0047,1,0,,,Goods-in inspection,B-101-001-W08
INS-00490,2026-02-27,SUP-001,CMP-101,CNC Turning,Journal Diameter,25.0,24.98,25.02,mm,24.9973,1,0,,,Goods-in inspection,B-101-001-W08
INS-00502,2026-02-27,SUP-003,CMP-102,CNC Milling,Bore Diameter,60.0,59.95,60.05,mm,59.988,1,0,,,Goods-in inspection,B-102-003-W08
INS-00510,2026-02-27,SUP-002,CMP-103,CNC Milling,Hub Thickness,8.0,7.97,8.03,mm,7.9977,1,0,,,Goods-in inspection,B-103-002-W08
INS-00518,2026-02-27,SUP-004,CMP-104,Cylindrical Grinding,Bore Diameter,42.0,41.975,42.025,mm,42.0089,1,0,,,Goods-in inspection,B-104-004-W08
INS-00531,2026-02-27,SUP-005,CMP-105,Cylindrical Grinding,Pitch Diameter,18.0,17.985,18.015,mm,18.001,1,0,,,Goods-in inspection,B-105-005-W08
INS-00538,2026-02-27,SUP-004,CMP-106,CNC Milling,Oil Port Position,12.0,11.96,12.04,mm,12.0334,1,0,,,Goods-in inspection,B-106-004-W08
INS-00544,2026-02-27,SUP-003,CMP-106,CNC Milling,Oil Port Position,12.0,11.96,12.04,mm,11.9955,1,0,,,Goods-in inspection,B-106-003-W08
INS-00545,2026-03-02,SUP-001,CMP-101,CNC Turning,Journal Diameter,25.0,24.98,25.02,mm,25.0053,1,0,,,Goods-in inspection,B-101-001-W09
INS-00546,2026-03-02,SUP-001,CMP-101,CNC Turning,Journal Diameter,25.0,24.98,25.02,mm,25.0078,1,0,,,Goods-in inspection,B-101-001-W09
INS-00547,2026-03-02,SUP-001,CMP-101,CNC Turning,Journal Diameter,25.0,24.98,25.02,mm,25.0034,1,0,,,Goods-in inspection,B-101-001-W09
INS-00559,2026-03-02,SUP-002,CMP-101,CNC Turning,Journal Diameter,25.0,24.98,25.02,mm,25.0078,1,0,,,Goods-in inspection,B-101-002-W09
INS-00562,2026-03-02,SUP-003,CMP-102,CNC Milling,Bore Diameter,60.0,59.95,60.05,mm,59.9956,1,0,,,Goods-in inspection,B-102-003-W09
INS-00563,2026-03-02,SUP-003,CMP-102,CNC Milling,Bore Diameter,60.0,59.95,60.05,mm,60.0109,1,0,,,Goods-in inspection,B-102-003-W09
INS-00571,2026-03-02,SUP-002,CMP-103,CNC Milling,Hub Thickness,8.0,7.97,8.03,mm,7.9984,1,0,,,Goods-in inspection,B-103-002-W09
INS-00572,2026-03-02,SUP-002,CMP-103,CNC Milling,Hub Thickness,8.0,7.97,8.03,mm,7.993,1,0,,,Goods-in inspection,B-103-002-W09
INS-00579,2026-03-02,SUP-004,CMP-104,Cylindrical Grinding,Bore Diameter,42.0,41.975,42.025,mm,41.9937,1,0,,,Goods-in inspection,B-104-004-W09
INS-00580,2026-03-02,SUP-004,CMP-104,Cylindrical Grinding,Bore Diameter,42.0,41.975,42.025,mm,41.9972,1,0,,,Goods-in inspection,B-104-004-W09
INS-00587,2026-03-02,SUP-001,CMP-104,Cylindrical Grinding,Bore Diameter,42.0,41.975,42.025,mm,41.9987,1,0,,,Goods-in inspection,B-104-001-W09
INS-00591,2026-03-02,SUP-005,CMP-105,Cylindrical Grinding,Pitch Diameter,18.0,17.985,18.015,mm,18.0034,1,0,,,Goods-in inspection,B-105-005-W09
INS-00592,2026-03-02,SUP-005,CMP-105,Cylindrical Grinding,Pitch Diameter,18.0,17.985,18.015,mm,18.0012,1,0,,,Goods-in inspection,B-105-005-W09
INS-00600,2026-03-02,SUP-004,CMP-106,CNC Milling,Oil Port Position,12.0,11.96,12.04,mm,12.0084,1,0,,,Goods-in inspection,B-106-004-W09
INS-00601,2026-03-02,SUP-004,CMP-106,CNC Milling,Oil Port Position,12.0,11.96,12.04,mm,11.9923,1,0,,,Goods-in inspection,B-106-004-W09
INS-00607,2026-03-02,SUP-003,CMP-106,CNC Milling,Oil Port Position,12.0,11.96,12.04,mm,12.0078,1,0,,,Goods-in inspection,B-106-003-W09
INS-00608,2026-03-02,SUP-003,CMP-106,CNC Milling,Oil Port Position,12.0,11.96,12.04,mm,12.0027,1,0,,,Goods-in inspection,B-106-003-W09
INS-00548,2026-03-03,SUP-001,CMP-101,CNC Turning,Journal Diameter,25.0,24.98,25.02,mm,24.999,1,0,,,Goods-in inspection,B-101-001-W09
INS-00549,2026-03-03,SUP-001,CMP-101,CNC Turning,Journal Diameter,25.0,24.98,25.02,mm,24.9995,1,0,,,Goods-in inspection,B-101-001-W09
INS-00550,2026-03-03,SUP-001,CMP-101,CNC Turning,Journal Diameter,25.0,24.98,25.02,mm,25.0089,1,0,,,Goods-in inspection,B-101-001-W09
INS-00560,2026-03-03,SUP-002,CMP-101,CNC Turning,Journal Diameter,25.0,24.98,25.02,mm,25.0013,1,0,,,Goods-in inspection,B-101-002-W09
INS-00564,2026-03-03,SUP-003,CMP-102,CNC Milling,Bore Diameter,60.0,59.95,60.05,mm,60.0099,1,0,,,Goods-in inspection,B-102-003-W09
INS-00565,2026-03-03,SUP-003,CMP-102,CNC Milling,Bore Diameter,60.0,59.95,60.05,mm,59.9933,1,0,,,Goods-in inspection,B-102-003-W09
INS-00573,2026-03-03,SUP-002,CMP-103,CNC Milling,Hub Thickness,8.0,7.97,8.03,mm,8.0007,1,0,,,Goods-in inspection,B-103-002-W09
INS-00574,2026-03-03,SUP-002,CMP-103,CNC Milling,Hub Thickness,8.0,7.97,8.03,mm,7.9946,1,0,,,Goods-in inspection,B-103-002-W09
INS-00581,2026-03-03,SUP-004,CMP-104,Cylindrical Grinding,Bore Diameter,42.0,41.975,42.025,mm,41.9976,1,0,,,Goods-in inspection,B-104-004-W09
INS-00582,2026-03-03,SUP-004,CMP-104,Cylindrical Grinding,Bore Diameter,42.0,41.975,42.025,mm,42.0,1,1,Burr,Minor,Goods-in inspection,B-104-004-W09
INS-00588,2026-03-03,SUP-001,CMP-104,Cylindrical Grinding,Bore Diameter,42.0,41.975,42.025,mm,42.0005,1,0,,,Goods-in inspection,B-104-001-W09
INS-00593,2026-03-03,SUP-005,CMP-105,Cylindrical Grinding,Pitch Diameter,18.0,17.985,18.015,mm,17.9972,1,0,,,Goods-in inspection,B-105-005-W09
INS-00594,2026-03-03,SUP-005,CMP-105,Cylindrical Grinding,Pitch Diameter,18.0,17.985,18.015,mm,17.9997,1,0,,,Goods-in inspection,B-105-005-W09
INS-00602,2026-03-03,SUP-004,CMP-106,CNC Milling,Oil Port Position,12.0,11.96,12.04,mm,12.0037,1,0,,,Goods-in inspection,B-106-004-W09
INS-00609,2026-03-03,SUP-003,CMP-106,CNC Milling,Oil Port Position,12.0,11.96,12.04,mm,11.9559,0,1,Positional tolerance,Minor,CMM inspection,B-106-003-W09
INS-00551,2026-03-04,SUP-001,CMP-101,CNC Turning,Journal Diameter,25.0,24.98,25.02,mm,25.0045,1,0,,,Goods-in inspection,B-101-001-W09
INS-00552,2026-03-04,SUP-001,CMP-101,CNC Turning,Journal Diameter,25.0,24.98,25.02,mm,25.0037,1,0,,,Goods-in inspection,B-101-001-W09
INS-00553,2026-03-04,SUP-001,CMP-101,CNC Turning,Journal Diameter,25.0,24.98,25.02,mm,24.9982,1,0,,,Goods-in inspection,B-101-001-W09
INS-00566,2026-03-04,SUP-003,CMP-102,CNC Milling,Bore Diameter,60.0,59.95,60.05,mm,60.0144,1,0,,,Goods-in inspection,B-102-003-W09
INS-00567,2026-03-04,SUP-003,CMP-102,CNC Milling,Bore Diameter,60.0,59.95,60.05,mm,60.0107,1,0,,,Goods-in inspection,B-102-003-W09
INS-00575,2026-03-04,SUP-002,CMP-103,CNC Milling,Hub Thickness,8.0,7.97,8.03,mm,7.9989,1,0,,,Goods-in inspection,B-103-002-W09
INS-00583,2026-03-04,SUP-004,CMP-104,Cylindrical Grinding,Bore Diameter,42.0,41.975,42.025,mm,42.0018,1,0,,,Goods-in inspection,B-104-004-W09
INS-00589,2026-03-04,SUP-001,CMP-104,Cylindrical Grinding,Bore Diameter,42.0,41.975,42.025,mm,42.0099,1,0,,,Goods-in inspection,B-104-001-W09
INS-00595,2026-03-04,SUP-005,CMP-105,Cylindrical Grinding,Pitch Diameter,18.0,17.985,18.015,mm,18.0067,1,0,,,Goods-in inspection,B-105-005-W09
INS-00596,2026-03-04,SUP-005,CMP-105,Cylindrical Grinding,Pitch Diameter,18.0,17.985,18.015,mm,17.9965,1,0,,,Goods-in inspection,B-105-005-W09
INS-00603,2026-03-04,SUP-004,CMP-106,CNC Milling,Oil Port Position,12.0,11.96,12.04,mm,12.0057,1,0,,,Goods-in inspection,B-106-004-W09
INS-00604,2026-03-04,SUP-004,CMP-106,CNC Milling,Oil Port Position,12.0,11.96,12.04,mm,12.0197,1,0,,,Goods-in inspection,B-106-004-W09
INS-00610,2026-03-04,SUP-003,CMP-106,CNC Milling,Oil Port Position,12.0,11.96,12.04,mm,11.9855,1,0,,,Goods-in inspection,B-106-003-W09
INS-00554,2026-03-05,SUP-001,CMP-101,CNC Turning,Journal Diameter,25.0,24.98,25.02,mm,25.0038,1,0,,,Goods-in inspection,B-101-001-W09
INS-00555,2026-03-05,SUP-001,CMP-101,CNC Turning,Journal Diameter,25.0,24.98,25.02,mm,24.999,1,0,,,Goods-in inspection,B-101-001-W09
INS-00556,2026-03-05,SUP-001,CMP-101,CNC Turning,Journal Diameter,25.0,24.98,25.02,mm,25.0051,1,0,,,Goods-in inspection,B-101-001-W09
INS-00561,2026-03-05,SUP-002,CMP-101,CNC Turning,Journal Diameter,25.0,24.98,25.02,mm,25.0084,1,0,,,Goods-in inspection,B-101-002-W09
INS-00568,2026-03-05,SUP-003,CMP-102,CNC Milling,Bore Diameter,60.0,59.95,60.05,mm,60.0202,1,0,,,Goods-in inspection,B-102-003-W09
INS-00569,2026-03-05,SUP-003,CMP-102,CNC Milling,Bore Diameter,60.0,59.95,60.05,mm,60.0057,1,0,,,Goods-in inspection,B-102-003-W09
INS-00576,2026-03-05,SUP-002,CMP-103,CNC Milling,Hub Thickness,8.0,7.97,8.03,mm,7.9908,1,0,,,Goods-in inspection,B-103-002-W09
INS-00577,2026-03-05,SUP-002,CMP-103,CNC Milling,Hub Thickness,8.0,7.97,8.03,mm,7.9918,1,0,,,Goods-in inspection,B-103-002-W09
INS-00584,2026-03-05,SUP-004,CMP-104,Cylindrical Grinding,Bore Diameter,42.0,41.975,42.025,mm,41.9963,1,0,,,Goods-in inspection,B-104-004-W09
INS-00585,2026-03-05,SUP-004,CMP-104,Cylindrical Grinding,Bore Diameter,42.0,41.975,42.025,mm,42.0028,1,0,,,Goods-in inspection,B-104-004-W09
INS-00590,2026-03-05,SUP-001,CMP-104,Cylindrical Grinding,Bore Diameter,42.0,41.975,42.025,mm,41.9991,1,0,,,Goods-in inspection,B-104-001-W09
INS-00597,2026-03-05,SUP-005,CMP-105,Cylindrical Grinding,Pitch Diameter,18.0,17.985,18.015,mm,17.9954,1,0,,,Goods-in inspection,B-105-005-W09
INS-00598,2026-03-05,SUP-005,CMP-105,Cylindrical Grinding,Pitch Diameter,18.0,17.985,18.015,mm,18.0019,1,0,,,Goods-in inspection,B-105-005-W09
INS-00605,2026-03-05,SUP-004,CMP-106,CNC Milling,Oil Port Position,12.0,11.96,12.04,mm,12.0088,1,0,,,Goods-in inspection,B-106-004-W09
INS-00611,2026-03-05,SUP-003,CMP-106,CNC Milling,Oil Port Position,12.0,11.96,12.04,mm,11.9886,1,0,,,Goods-in inspection,B-106-003-W09
INS-00557,2026-03-06,SUP-001,CMP-101,CNC Turning,Journal Diameter,25.0,24.98,25.02,mm,25.0033,1,0,,,Goods-in inspection,B-101-001-W09
INS-00558,2026-03-06,SUP-001,CMP-101,CNC Turning,Journal Diameter,25.0,24.98,25.02,mm,25.0013,1,0,,,Goods-in inspection,B-101-001-W09
INS-00570,2026-03-06,SUP-003,CMP-102,CNC Milling,Bore Diameter,60.0,59.95,60.05,mm,59.9922,1,0,,,Goods-in inspection,B-102-003-W09
INS-00578,2026-03-06,SUP-002,CMP-103,CNC Milling,Hub Thickness,8.0,7.97,8.03,mm,8.0082,1,0,,,Goods-in inspection,B-103-002-W09
INS-00586,2026-03-06,SUP-004,CMP-104,Cylindrical Grinding,Bore Diameter,42.0,41.975,42.025,mm,41.9881,1,0,,,Goods-in inspection,B-104-004-W09
INS-00599,2026-03-06,SUP-005,CMP-105,Cylindrical Grinding,Pitch Diameter,18.0,17.985,18.015,mm,18.0041,1,0,,,Goods-in inspection,B-105-005-W09
INS-00606,2026-03-06,SUP-004,CMP-106,CNC Milling,Oil Port Position,12.0,11.96,12.04,mm,12.0053,1,0,,,Goods-in inspection,B-106-004-W09
INS-00612,2026-03-06,SUP-003,CMP-106,CNC Milling,Oil Port Position,12.0,11.96,12.04,mm,11.9856,1,0,,,Goods-in inspection,B-106-003-W09
INS-00613,2026-03-09,SUP-001,CMP-101,CNC Turning,Journal Diameter,25.0,24.98,25.02,mm,25.0132,1,0,,,Goods-in inspection,B-101-001-W10
INS-00614,2026-03-09,SUP-001,CMP-101,CNC Turning,Journal Diameter,25.0,24.98,25.02,mm,25.0082,1,0,,,Goods-in inspection,B-101-001-W10
INS-00615,2026-03-09,SUP-001,CMP-101,CNC Turning,Journal Diameter,25.0,24.98,25.02,mm,24.9996,1,0,,,Goods-in inspection,B-101-001-W10
INS-00627,2026-03-09,SUP-002,CMP-101,CNC Turning,Journal Diameter,25.0,24.98,25.02,mm,24.9993,1,0,,,Goods-in inspection,B-101-002-W10
INS-00630,2026-03-09,SUP-003,CMP-102,CNC Milling,Bore Diameter,60.0,59.95,60.05,mm,60.0165,1,0,,,Goods-in inspection,B-102-003-W10
INS-00631,2026-03-09,SUP-003,CMP-102,CNC Milling,Bore Diameter,60.0,59.95,60.05,mm,59.9894,1,0,,,Goods-in inspection,B-102-003-W10
INS-00639,2026-03-09,SUP-002,CMP-103,CNC Milling,Hub Thickness,8.0,7.97,8.03,mm,7.994,1,0,,,Goods-in inspection,B-103-002-W10
INS-00640,2026-03-09,SUP-002,CMP-103,CNC Milling,Hub Thickness,8.0,7.97,8.03,mm,8.0066,1,0,,,Goods-in inspection,B-103-002-W10
INS-00647,2026-03-09,SUP-004,CMP-104,Cylindrical Grinding,Bore Diameter,42.0,41.975,42.025,mm,42.0065,1,0,,,Goods-in inspection,B-104-004-W10
INS-00648,2026-03-09,SUP-004,CMP-104,Cylindrical Grinding,Bore Diameter,42.0,41.975,42.025,mm,42.0017,1,0,,,Goods-in inspection,B-104-004-W10
INS-00655,2026-03-09,SUP-001,CMP-104,Cylindrical Grinding,Bore Diameter,42.0,41.975,42.025,mm,41.9882,1,0,,,Goods-in inspection,B-104-001-W10
INS-00659,2026-03-09,SUP-005,CMP-105,Cylindrical Grinding,Pitch Diameter,18.0,17.985,18.015,mm,17.9985,1,0,,,Goods-in inspection,B-105-005-W10
INS-00660,2026-03-09,SUP-005,CMP-105,Cylindrical Grinding,Pitch Diameter,18.0,17.985,18.015,mm,18.0041,1,0,,,Goods-in inspection,B-105-005-W10
INS-00668,2026-03-09,SUP-004,CMP-106,CNC Milling,Oil Port Position,12.0,11.96,12.04,mm,11.988,1,0,,,Goods-in inspection,B-106-004-W10
INS-00669,2026-03-09,SUP-004,CMP-106,CNC Milling,Oil Port Position,12.0,11.96,12.04,mm,12.0092,1,0,,,Goods-in inspection,B-106-004-W10
INS-00675,2026-03-09,SUP-003,CMP-106,CNC Milling,Oil Port Position,12.0,11.96,12.04,mm,11.9962,1,0,,,Goods-in inspection,B-106-003-W10
INS-00676,2026-03-09,SUP-003,CMP-106,CNC Milling,Oil Port Position,12.0,11.96,12.04,mm,12.0153,1,0,,,Goods-in inspection,B-106-003-W10
INS-00616,2026-03-10,SUP-001,CMP-101,CNC Turning,Journal Diameter,25.0,24.98,25.02,mm,24.9995,1,0,,,Goods-in inspection,B-101-001-W10
INS-00617,2026-03-10,SUP-001,CMP-101,CNC Turning,Journal Diameter,25.0,24.98,25.02,mm,25.0055,1,0,,,Goods-in inspection,B-101-001-W10
INS-00618,2026-03-10,SUP-001,CMP-101,CNC Turning,Journal Diameter,25.0,24.98,25.02,mm,25.0001,1,0,,,Goods-in inspection,B-101-001-W10
INS-00628,2026-03-10,SUP-002,CMP-101,CNC Turning,Journal Diameter,25.0,24.98,25.02,mm,25.0003,1,0,,,Goods-in inspection,B-101-002-W10
INS-00632,2026-03-10,SUP-003,CMP-102,CNC Milling,Bore Diameter,60.0,59.95,60.05,mm,60.0174,1,0,,,Goods-in inspection,B-102-003-W10
INS-00633,2026-03-10,SUP-003,CMP-102,CNC Milling,Bore Diameter,60.0,59.95,60.05,mm,60.0169,1,0,,,Goods-in inspection,B-102-003-W10
INS-00641,2026-03-10,SUP-002,CMP-103,CNC Milling,Hub Thickness,8.0,7.97,8.03,mm,7.992,1,0,,,Goods-in inspection,B-103-002-W10
INS-00642,2026-03-10,SUP-002,CMP-103,CNC Milling,Hub Thickness,8.0,7.97,8.03,mm,7.9981,1,1,Assembly interface,Major,Assembly build check,B-103-002-W10
INS-00649,2026-03-10,SUP-004,CMP-104,Cylindrical Grinding,Bore Diameter,42.0,41.975,42.025,mm,42.0027,1,0,,,Goods-in inspection,B-104-004-W10
INS-00650,2026-03-10,SUP-004,CMP-104,Cylindrical Grinding,Bore Diameter,42.0,41.975,42.025,mm,41.9953,1,0,,,Goods-in inspection,B-104-004-W10
INS-00656,2026-03-10,SUP-001,CMP-104,Cylindrical Grinding,Bore Diameter,42.0,41.975,42.025,mm,41.996,1,0,,,Goods-in inspection,B-104-001-W10
INS-00661,2026-03-10,SUP-005,CMP-105,Cylindrical Grinding,Pitch Diameter,18.0,17.985,18.015,mm,17.9996,1,0,,,Goods-in inspection,B-105-005-W10
INS-00662,2026-03-10,SUP-005,CMP-105,Cylindrical Grinding,Pitch Diameter,18.0,17.985,18.015,mm,17.9967,1,0,,,Goods-in inspection,B-105-005-W10
INS-00670,2026-03-10,SUP-004,CMP-106,CNC Milling,Oil Port Position,12.0,11.96,12.04,mm,11.9981,1,0,,,Goods-in inspection,B-106-004-W10
INS-00677,2026-03-10,SUP-003,CMP-106,CNC Milling,Oil Port Position,12.0,11.96,12.04,mm,11.9988,1,0,,,Goods-in inspection,B-106-003-W10
INS-00619,2026-03-11,SUP-001,CMP-101,CNC Turning,Journal Diameter,25.0,24.98,25.02,mm,25.001,1,0,,,Goods-in inspection,B-101-001-W10
INS-00620,2026-03-11,SUP-001,CMP-101,CNC Turning,Journal Diameter,25.0,24.98,25.02,mm,25.006,1,0,,,Goods-in inspection,B-101-001-W10
INS-00621,2026-03-11,SUP-001,CMP-101,CNC Turning,Journal Diameter,25.0,24.98,25.02,mm,25.0076,1,0,,,Goods-in inspection,B-101-001-W10
INS-00634,2026-03-11,SUP-003,CMP-102,CNC Milling,Bore Diameter,60.0,59.95,60.05,mm,59.9973,1,0,,,Goods-in inspection,B-102-003-W10
INS-00635,2026-03-11,SUP-003,CMP-102,CNC Milling,Bore Diameter,60.0,59.95,60.05,mm,60.0196,1,0,,,Goods-in inspection,B-102-003-W10
INS-00643,2026-03-11,SUP-002,CMP-103,CNC Milling,Hub Thickness,8.0,7.97,8.03,mm,7.9969,1,0,,,Goods-in inspection,B-103-002-W10
INS-00651,2026-03-11,SUP-004,CMP-104,Cylindrical Grinding,Bore Diameter,42.0,41.975,42.025,mm,42.006,1,0,,,Goods-in inspection,B-104-004-W10
INS-00657,2026-03-11,SUP-001,CMP-104,Cylindrical Grinding,Bore Diameter,42.0,41.975,42.025,mm,41.9951,1,0,,,Goods-in inspection,B-104-001-W10
INS-00663,2026-03-11,SUP-005,CMP-105,Cylindrical Grinding,Pitch Diameter,18.0,17.985,18.015,mm,18.0012,1,0,,,Goods-in inspection,B-105-005-W10
INS-00664,2026-03-11,SUP-005,CMP-105,Cylindrical Grinding,Pitch Diameter,18.0,17.985,18.015,mm,17.9993,1,0,,,Goods-in inspection,B-105-005-W10
INS-00671,2026-03-11,SUP-004,CMP-106,CNC Milling,Oil Port Position,12.0,11.96,12.04,mm,12.0196,1,0,,,Goods-in inspection,B-106-004-W10
INS-00672,2026-03-11,SUP-004,CMP-106,CNC Milling,Oil Port Position,12.0,11.96,12.04,mm,11.9881,1,0,,,Goods-in inspection,B-106-004-W10
INS-00678,2026-03-11,SUP-003,CMP-106,CNC Milling,Oil Port Position,12.0,11.96,12.04,mm,11.9821,1,0,,,Goods-in inspection,B-106-003-W10
INS-00622,2026-03-12,SUP-001,CMP-101,CNC Turning,Journal Diameter,25.0,24.98,25.02,mm,25.0046,1,0,,,Goods-in inspection,B-101-001-W10
INS-00623,2026-03-12,SUP-001,CMP-101,CNC Turning,Journal Diameter,25.0,24.98,25.02,mm,25.0021,1,0,,,Goods-in inspection,B-101-001-W10
INS-00624,2026-03-12,SUP-001,CMP-101,CNC Turning,Journal Diameter,25.0,24.98,25.02,mm,25.0048,1,0,,,Goods-in inspection,B-101-001-W10
INS-00629,2026-03-12,SUP-002,CMP-101,CNC Turning,Journal Diameter,25.0,24.98,25.02,mm,24.9953,1,0,,,Goods-in inspection,B-101-002-W10
INS-00636,2026-03-12,SUP-003,CMP-102,CNC Milling,Bore Diameter,60.0,59.95,60.05,mm,60.0091,1,0,,,Goods-in inspection,B-102-003-W10
INS-00637,2026-03-12,SUP-003,CMP-102,CNC Milling,Bore Diameter,60.0,59.95,60.05,mm,60.0341,1,1,Material issue,Critical,Goods-in inspection,B-102-003-W10
INS-00644,2026-03-12,SUP-002,CMP-103,CNC Milling,Hub Thickness,8.0,7.97,8.03,mm,7.9932,1,0,,,Goods-in inspection,B-103-002-W10
INS-00645,2026-03-12,SUP-002,CMP-103,CNC Milling,Hub Thickness,8.0,7.97,8.03,mm,7.9946,1,0,,,Goods-in inspection,B-103-002-W10
INS-00652,2026-03-12,SUP-004,CMP-104,Cylindrical Grinding,Bore Diameter,42.0,41.975,42.025,mm,41.9975,1,0,,,Goods-in inspection,B-104-004-W10
INS-00653,2026-03-12,SUP-004,CMP-104,Cylindrical Grinding,Bore Diameter,42.0,41.975,42.025,mm,41.9988,1,0,,,Goods-in inspection,B-104-004-W10
INS-00658,2026-03-12,SUP-001,CMP-104,Cylindrical Grinding,Bore Diameter,42.0,41.975,42.025,mm,42.0058,1,0,,,Goods-in inspection,B-104-001-W10
INS-00665,2026-03-12,SUP-005,CMP-105,Cylindrical Grinding,Pitch Diameter,18.0,17.985,18.015,mm,17.9982,1,0,,,Goods-in inspection,B-105-005-W10
INS-00666,2026-03-12,SUP-005,CMP-105,Cylindrical Grinding,Pitch Diameter,18.0,17.985,18.015,mm,17.9938,1,0,,,Goods-in inspection,B-105-005-W10
INS-00673,2026-03-12,SUP-004,CMP-106,CNC Milling,Oil Port Position,12.0,11.96,12.04,mm,12.0049,1,0,,,Goods-in inspection,B-106-004-W10
INS-00679,2026-03-12,SUP-003,CMP-106,CNC Milling,Oil Port Position,12.0,11.96,12.04,mm,11.9971,1,0,,,Goods-in inspection,B-106-003-W10
INS-00625,2026-03-13,SUP-001,CMP-101,CNC Turning,Journal Diameter,25.0,24.98,25.02,mm,24.9978,1,0,,,Goods-in inspection,B-101-001-W10
INS-00626,2026-03-13,SUP-001,CMP-101,CNC Turning,Journal Diameter,25.0,24.98,25.02,mm,25.0021,1,0,,,Goods-in inspection,B-101-001-W10
INS-00638,2026-03-13,SUP-003,CMP-102,CNC Milling,Bore Diameter,60.0,59.95,60.05,mm,60.002,1,0,,,Goods-in inspection,B-102-003-W10
INS-00646,2026-03-13,SUP-002,CMP-103,CNC Milling,Hub Thickness,8.0,7.97,8.03,mm,7.9915,1,0,,,Goods-in inspection,B-103-002-W10
INS-00654,2026-03-13,SUP-004,CMP-104,Cylindrical Grinding,Bore Diameter,42.0,41.975,42.025,mm,41.9927,1,0,,,Goods-in inspection,B-104-004-W10
INS-00667,2026-03-13,SUP-005,CMP-105,Cylindrical Grinding,Pitch Diameter,18.0,17.985,18.015,mm,17.999,1,0,,,Goods-in inspection,B-105-005-W10
INS-00674,2026-03-13,SUP-004,CMP-106,CNC Milling,Oil Port Position,12.0,11.96,12.04,mm,12.0058,1,0,,,Goods-in inspection,B-106-004-W10
INS-00680,2026-03-13,SUP-003,CMP-106,CNC Milling,Oil Port Position,12.0,11.96,12.04,mm,12.0022,1,0,,,Goods-in inspection,B-106-003-W10
INS-00681,2026-03-16,SUP-001,CMP-101,CNC Turning,Journal Diameter,25.0,24.98,25.02,mm,24.9982,1,0,,,Goods-in inspection,B-101-001-W11
INS-00682,2026-03-16,SUP-001,CMP-101,CNC Turning,Journal Diameter,25.0,24.98,25.02,mm,25.0013,1,0,,,Goods-in inspection,B-101-001-W11
INS-00683,2026-03-16,SUP-001,CMP-101,CNC Turning,Journal Diameter,25.0,24.98,25.02,mm,25.0072,1,0,,,Goods-in inspection,B-101-001-W11
INS-00695,2026-03-16,SUP-002,CMP-101,CNC Turning,Journal Diameter,25.0,24.98,25.02,mm,24.9953,1,0,,,Goods-in inspection,B-101-002-W11
INS-00698,2026-03-16,SUP-003,CMP-102,CNC Milling,Bore Diameter,60.0,59.95,60.05,mm,60.0131,1,0,,,Goods-in inspection,B-102-003-W11
INS-00699,2026-03-16,SUP-003,CMP-102,CNC Milling,Bore Diameter,60.0,59.95,60.05,mm,60.018,1,0,,,Goods-in inspection,B-102-003-W11
INS-00707,2026-03-16,SUP-002,CMP-103,CNC Milling,Hub Thickness,8.0,7.97,8.03,mm,7.9969,1,0,,,Goods-in inspection,B-103-002-W11
INS-00708,2026-03-16,SUP-002,CMP-103,CNC Milling,Hub Thickness,8.0,7.97,8.03,mm,7.9996,1,0,,,Goods-in inspection,B-103-002-W11
INS-00715,2026-03-16,SUP-004,CMP-104,Cylindrical Grinding,Bore Diameter,42.0,41.975,42.025,mm,41.9968,1,0,,,Goods-in inspection,B-104-004-W11
INS-00716,2026-03-16,SUP-004,CMP-104,Cylindrical Grinding,Bore Diameter,42.0,41.975,42.025,mm,41.9984,1,0,,,Goods-in inspection,B-104-004-W11
INS-00723,2026-03-16,SUP-001,CMP-104,Cylindrical Grinding,Bore Diameter,42.0,41.975,42.025,mm,41.9996,1,0,,,Goods-in inspection,B-104-001-W11
INS-00727,2026-03-16,SUP-005,CMP-105,Cylindrical Grinding,Pitch Diameter,18.0,17.985,18.015,mm,18.0028,1,0,,,Goods-in inspection,B-105-005-W11
INS-00728,2026-03-16,SUP-005,CMP-105,Cylindrical Grinding,Pitch Diameter,18.0,17.985,18.015,mm,18.01,1,0,,,Goods-in inspection,B-105-005-W11
INS-00736,2026-03-16,SUP-004,CMP-106,CNC Milling,Oil Port Position,12.0,11.96,12.04,mm,11.9869,1,0,,,Goods-in inspection,B-106-004-W11
INS-00737,2026-03-16,SUP-004,CMP-106,CNC Milling,Oil Port Position,12.0,11.96,12.04,mm,12.0167,1,0,,,Goods-in inspection,B-106-004-W11
INS-00743,2026-03-16,SUP-003,CMP-106,CNC Milling,Oil Port Position,12.0,11.96,12.04,mm,11.9957,1,0,,,Goods-in inspection,B-106-003-W11
INS-00744,2026-03-16,SUP-003,CMP-106,CNC Milling,Oil Port Position,12.0,11.96,12.04,mm,11.9962,1,0,,,Goods-in inspection,B-106-003-W11
INS-00684,2026-03-17,SUP-001,CMP-101,CNC Turning,Journal Diameter,25.0,24.98,25.02,mm,25.0023,1,0,,,Goods-in inspection,B-101-001-W11
INS-00685,2026-03-17,SUP-001,CMP-101,CNC Turning,Journal Diameter,25.0,24.98,25.02,mm,25.0061,1,0,,,Goods-in inspection,B-101-001-W11
INS-00686,2026-03-17,SUP-001,CMP-101,CNC Turning,Journal Diameter,25.0,24.98,25.02,mm,25.0018,1,0,,,Goods-in inspection,B-101-001-W11
INS-00696,2026-03-17,SUP-002,CMP-101,CNC Turning,Journal Diameter,25.0,24.98,25.02,mm,25.0017,1,0,,,Goods-in inspection,B-101-002-W11
INS-00700,2026-03-17,SUP-003,CMP-102,CNC Milling,Bore Diameter,60.0,59.95,60.05,mm,60.0015,1,0,,,Goods-in inspection,B-102-003-W11
INS-00701,2026-03-17,SUP-003,CMP-102,CNC Milling,Bore Diameter,60.0,59.95,60.05,mm,60.0033,1,0,,,Goods-in inspection,B-102-003-W11
INS-00709,2026-03-17,SUP-002,CMP-103,CNC Milling,Hub Thickness,8.0,7.97,8.03,mm,7.9929,1,0,,,Goods-in inspection,B-103-002-W11
INS-00710,2026-03-17,SUP-002,CMP-103,CNC Milling,Hub Thickness,8.0,7.97,8.03,mm,7.9987,1,0,,,Goods-in inspection,B-103-002-W11
INS-00717,2026-03-17,SUP-004,CMP-104,Cylindrical Grinding,Bore Diameter,42.0,41.975,42.025,mm,41.9864,1,0,,,Goods-in inspection,B-104-004-W11
INS-00718,2026-03-17,SUP-004,CMP-104,Cylindrical Grinding,Bore Diameter,42.0,41.975,42.025,mm,42.0072,1,0,,,Goods-in inspection,B-104-004-W11
INS-00724,2026-03-17,SUP-001,CMP-104,Cylindrical Grinding,Bore Diameter,42.0,41.975,42.025,mm,41.9965,1,0,,,Goods-in inspection,B-104-001-W11
INS-00729,2026-03-17,SUP-005,CMP-105,Cylindrical Grinding,Pitch Diameter,18.0,17.985,18.015,mm,18.0066,1,0,,,Goods-in inspection,B-105-005-W11
INS-00730,2026-03-17,SUP-005,CMP-105,Cylindrical Grinding,Pitch Diameter,18.0,17.985,18.015,mm,18.0041,1,0,,,Goods-in inspection,B-105-005-W11
INS-00738,2026-03-17,SUP-004,CMP-106,CNC Milling,Oil Port Position,12.0,11.96,12.04,mm,11.9912,1,0,,,Goods-in inspection,B-106-004-W11
INS-00745,2026-03-17,SUP-003,CMP-106,CNC Milling,Oil Port Position,12.0,11.96,12.04,mm,11.9995,1,0,,,Goods-in inspection,B-106-003-W11
INS-00687,2026-03-18,SUP-001,CMP-101,CNC Turning,Journal Diameter,25.0,24.98,25.02,mm,25.0009,1,0,,,Goods-in inspection,B-101-001-W11
INS-00688,2026-03-18,SUP-001,CMP-101,CNC Turning,Journal Diameter,25.0,24.98,25.02,mm,25.0108,1,0,,,Goods-in inspection,B-101-001-W11
INS-00689,2026-03-18,SUP-001,CMP-101,CNC Turning,Journal Diameter,25.0,24.98,25.02,mm,25.0106,1,0,,,Goods-in inspection,B-101-001-W11
INS-00702,2026-03-18,SUP-003,CMP-102,CNC Milling,Bore Diameter,60.0,59.95,60.05,mm,60.0166,1,0,,,Goods-in inspection,B-102-003-W11
INS-00703,2026-03-18,SUP-003,CMP-102,CNC Milling,Bore Diameter,60.0,59.95,60.05,mm,60.0093,1,0,,,Goods-in inspection,B-102-003-W11
INS-00711,2026-03-18,SUP-002,CMP-103,CNC Milling,Hub Thickness,8.0,7.97,8.03,mm,8.0026,1,0,,,Goods-in inspection,B-103-002-W11
INS-00719,2026-03-18,SUP-004,CMP-104,Cylindrical Grinding,Bore Diameter,42.0,41.975,42.025,mm,42.0047,1,0,,,Goods-in inspection,B-104-004-W11
INS-00725,2026-03-18,SUP-001,CMP-104,Cylindrical Grinding,Bore Diameter,42.0,41.975,42.025,mm,41.9972,1,0,,,Goods-in inspection,B-104-001-W11
INS-00731,2026-03-18,SUP-005,CMP-105,Cylindrical Grinding,Pitch Diameter,18.0,17.985,18.015,mm,18.0048,1,0,,,Goods-in inspection,B-105-005-W11
INS-00732,2026-03-18,SUP-005,CMP-105,Cylindrical Grinding,Pitch Diameter,18.0,17.985,18.015,mm,18.0033,1,0,,,Goods-in inspection,B-105-005-W11
INS-00739,2026-03-18,SUP-004,CMP-106,CNC Milling,Oil Port Position,12.0,11.96,12.04,mm,12.0043,1,0,,,Goods-in inspection,B-106-004-W11
INS-00740,2026-03-18,SUP-004,CMP-106,CNC Milling,Oil Port Position,12.0,11.96,12.04,mm,11.9862,1,0,,,Goods-in inspection,B-106-004-W11
INS-00746,2026-03-18,SUP-003,CMP-106,CNC Milling,Oil Port Position,12.0,11.96,12.04,mm,11.9985,1,0,,,Goods-in inspection,B-106-003-W11
INS-00690,2026-03-19,SUP-001,CMP-101,CNC Turning,Journal Diameter,25.0,24.98,25.02,mm,25.013,1,0,,,Goods-in inspection,B-101-001-W11
INS-00691,2026-03-19,SUP-001,CMP-101,CNC Turning,Journal Diameter,25.0,24.98,25.02,mm,25.0023,1,0,,,Goods-in inspection,B-101-001-W11
INS-00692,2026-03-19,SUP-001,CMP-101,CNC Turning,Journal Diameter,25.0,24.98,25.02,mm,25.0122,1,0,,,Goods-in inspection,B-101-001-W11
INS-00697,2026-03-19,SUP-002,CMP-101,CNC Turning,Journal Diameter,25.0,24.98,25.02,mm,24.9949,1,0,,,Goods-in inspection,B-101-002-W11
INS-00704,2026-03-19,SUP-003,CMP-102,CNC Milling,Bore Diameter,60.0,59.95,60.05,mm,59.9796,1,0,,,Goods-in inspection,B-102-003-W11
INS-00705,2026-03-19,SUP-003,CMP-102,CNC Milling,Bore Diameter,60.0,59.95,60.05,mm,60.0123,1,0,,,Goods-in inspection,B-102-003-W11
INS-00712,2026-03-19,SUP-002,CMP-103,CNC Milling,Hub Thickness,8.0,7.97,8.03,mm,8.0008,1,0,,,Goods-in inspection,B-103-002-W11
INS-00713,2026-03-19,SUP-002,CMP-103,CNC Milling,Hub Thickness,8.0,7.97,8.03,mm,7.996,1,0,,,Goods-in inspection,B-103-002-W11
INS-00720,2026-03-19,SUP-004,CMP-104,Cylindrical Grinding,Bore Diameter,42.0,41.975,42.025,mm,41.9992,1,1,Surface finish,Minor,Goods-in inspection,B-104-004-W11
INS-00721,2026-03-19,SUP-004,CMP-104,Cylindrical Grinding,Bore Diameter,42.0,41.975,42.025,mm,42.0092,1,0,,,Goods-in inspection,B-104-004-W11
INS-00726,2026-03-19,SUP-001,CMP-104,Cylindrical Grinding,Bore Diameter,42.0,41.975,42.025,mm,42.004,1,0,,,Goods-in inspection,B-104-001-W11
INS-00733,2026-03-19,SUP-005,CMP-105,Cylindrical Grinding,Pitch Diameter,18.0,17.985,18.015,mm,18.0037,1,0,,,Goods-in inspection,B-105-005-W11
INS-00734,2026-03-19,SUP-005,CMP-105,Cylindrical Grinding,Pitch Diameter,18.0,17.985,18.015,mm,18.0017,1,0,,,Goods-in inspection,B-105-005-W11
INS-00741,2026-03-19,SUP-004,CMP-106,CNC Milling,Oil Port Position,12.0,11.96,12.04,mm,12.0126,1,0,,,Goods-in inspection,B-106-004-W11
INS-00747,2026-03-19,SUP-003,CMP-106,CNC Milling,Oil Port Position,12.0,11.96,12.04,mm,11.9996,1,0,,,Goods-in inspection,B-106-003-W11
INS-00693,2026-03-20,SUP-001,CMP-101,CNC Turning,Journal Diameter,25.0,24.98,25.02,mm,24.9971,1,0,,,Goods-in inspection,B-101-001-W11
INS-00694,2026-03-20,SUP-001,CMP-101,CNC Turning,Journal Diameter,25.0,24.98,25.02,mm,25.0109,1,0,,,Goods-in inspection,B-101-001-W11
INS-00706,2026-03-20,SUP-003,CMP-102,CNC Milling,Bore Diameter,60.0,59.95,60.05,mm,59.9957,1,0,,,Goods-in inspection,B-102-003-W11
INS-00714,2026-03-20,SUP-002,CMP-103,CNC Milling,Hub Thickness,8.0,7.97,8.03,mm,7.9937,1,0,,,Goods-in inspection,B-103-002-W11
INS-00722,2026-03-20,SUP-004,CMP-104,Cylindrical Grinding,Bore Diameter,42.0,41.975,42.025,mm,42.0002,1,1,Assembly interface,Major,Assembly build check,B-104-004-W11
INS-00735,2026-03-20,SUP-005,CMP-105,Cylindrical Grinding,Pitch Diameter,18.0,17.985,18.015,mm,17.9986,1,0,,,Goods-in inspection,B-105-005-W11
INS-00742,2026-03-20,SUP-004,CMP-106,CNC Milling,Oil Port Position,12.0,11.96,12.04,mm,12.0155,1,0,,,Goods-in inspection,B-106-004-W11
INS-00748,2026-03-20,SUP-003,CMP-106,CNC Milling,Oil Port Position,12.0,11.96,12.04,mm,12.0026,1,0,,,Goods-in inspection,B-106-003-W11
INS-00749,2026-03-23,SUP-001,CMP-101,CNC Turning,Journal Diameter,25.0,24.98,25.02,mm,25.0083,1,0,,,Goods-in inspection,B-101-001-W12
INS-00750,2026-03-23,SUP-001,CMP-101,CNC Turning,Journal Diameter,25.0,24.98,25.02,mm,25.0095,1,0,,,Goods-in inspection,B-101-001-W12
INS-00751,2026-03-23,SUP-001,CMP-101,CNC Turning,Journal Diameter,25.0,24.98,25.02,mm,24.9987,1,0,,,Goods-in inspection,B-101-001-W12
INS-00763,2026-03-23,SUP-002,CMP-101,CNC Turning,Journal Diameter,25.0,24.98,25.02,mm,25.0099,1,0,,,Goods-in inspection,B-101-002-W12
INS-00766,2026-03-23,SUP-003,CMP-102,CNC Milling,Bore Diameter,60.0,59.95,60.05,mm,60.0282,1,0,,,Goods-in inspection,B-102-003-W12
INS-00767,2026-03-23,SUP-003,CMP-102,CNC Milling,Bore Diameter,60.0,59.95,60.05,mm,59.9614,1,0,,,Goods-in inspection,B-102-003-W12
INS-00775,2026-03-23,SUP-002,CMP-103,CNC Milling,Hub Thickness,8.0,7.97,8.03,mm,7.9983,1,0,,,Goods-in inspection,B-103-002-W12
INS-00776,2026-03-23,SUP-002,CMP-103,CNC Milling,Hub Thickness,8.0,7.97,8.03,mm,8.0191,1,0,,,Goods-in inspection,B-103-002-W12
INS-00783,2026-03-23,SUP-004,CMP-104,Cylindrical Grinding,Bore Diameter,42.0,41.975,42.025,mm,42.0129,1,0,,,Goods-in inspection,B-104-004-W12
INS-00784,2026-03-23,SUP-004,CMP-104,Cylindrical Grinding,Bore Diameter,42.0,41.975,42.025,mm,42.0043,1,0,,,Goods-in inspection,B-104-004-W12
INS-00791,2026-03-23,SUP-001,CMP-104,Cylindrical Grinding,Bore Diameter,42.0,41.975,42.025,mm,41.9972,1,0,,,Goods-in inspection,B-104-001-W12
INS-00795,2026-03-23,SUP-005,CMP-105,Cylindrical Grinding,Pitch Diameter,18.0,17.985,18.015,mm,17.9938,1,0,,,Goods-in inspection,B-105-005-W12
INS-00796,2026-03-23,SUP-005,CMP-105,Cylindrical Grinding,Pitch Diameter,18.0,17.985,18.015,mm,18.0017,1,0,,,Goods-in inspection,B-105-005-W12
INS-00804,2026-03-23,SUP-004,CMP-106,CNC Milling,Oil Port Position,12.0,11.96,12.04,mm,11.9877,1,0,,,Goods-in inspection,B-106-004-W12
INS-00805,2026-03-23,SUP-004,CMP-106,CNC Milling,Oil Port Position,12.0,11.96,12.04,mm,12.0096,1,0,,,Goods-in inspection,B-106-004-W12
INS-00811,2026-03-23,SUP-003,CMP-106,CNC Milling,Oil Port Position,12.0,11.96,12.04,mm,12.001,1,0,,,Goods-in inspection,B-106-003-W12
INS-00812,2026-03-23,SUP-003,CMP-106,CNC Milling,Oil Port Position,12.0,11.96,12.04,mm,11.9938,1,0,,,Goods-in inspection,B-106-003-W12
INS-00752,2026-03-24,SUP-001,CMP-101,CNC Turning,Journal Diameter,25.0,24.98,25.02,mm,25.0164,1,0,,,Goods-in inspection,B-101-001-W12
INS-00753,2026-03-24,SUP-001,CMP-101,CNC Turning,Journal Diameter,25.0,24.98,25.02,mm,25.0108,1,0,,,Goods-in inspection,B-101-001-W12
INS-00754,2026-03-24,SUP-001,CMP-101,CNC Turning,Journal Diameter,25.0,24.98,25.02,mm,25.0111,1,0,,,Goods-in inspection,B-101-001-W12
INS-00764,2026-03-24,SUP-002,CMP-101,CNC Turning,Journal Diameter,25.0,24.98,25.02,mm,25.0006,1,1,Surface finish,Major,Goods-in inspection,B-101-002-W12
INS-00768,2026-03-24,SUP-003,CMP-102,CNC Milling,Bore Diameter,60.0,59.95,60.05,mm,59.9845,1,0,,,Goods-in inspection,B-102-003-W12
INS-00769,2026-03-24,SUP-003,CMP-102,CNC Milling,Bore Diameter,60.0,59.95,60.05,mm,60.0102,1,0,,,Goods-in inspection,B-102-003-W12
INS-00777,2026-03-24,SUP-002,CMP-103,CNC Milling,Hub Thickness,8.0,7.97,8.03,mm,8.0016,1,0,,,Goods-in inspection,B-103-002-W12
INS-00778,2026-03-24,SUP-002,CMP-103,CNC Milling,Hub Thickness,8.0,7.97,8.03,mm,8.0104,1,0,,,Goods-in inspection,B-103-002-W12
INS-00785,2026-03-24,SUP-004,CMP-104,Cylindrical Grinding,Bore Diameter,42.0,41.975,42.025,mm,41.9959,1,0,,,Goods-in inspection,B-104-004-W12
INS-00786,2026-03-24,SUP-004,CMP-104,Cylindrical Grinding,Bore Diameter,42.0,41.975,42.025,mm,42.015,1,0,,,Goods-in inspection,B-104-004-W12
INS-00792,2026-03-24,SUP-001,CMP-104,Cylindrical Grinding,Bore Diameter,42.0,41.975,42.025,mm,42.0023,1,0,,,Goods-in inspection,B-104-001-W12
INS-00797,2026-03-24,SUP-005,CMP-105,Cylindrical Grinding,Pitch Diameter,18.0,17.985,18.015,mm,18.0017,1,0,,,Goods-in inspection,B-105-005-W12
INS-00798,2026-03-24,SUP-005,CMP-105,Cylindrical Grinding,Pitch Diameter,18.0,17.985,18.015,mm,17.9998,1,0,,,Goods-in inspection,B-105-005-W12
INS-00806,2026-03-24,SUP-004,CMP-106,CNC Milling,Oil Port Position,12.0,11.96,12.04,mm,12.0026,1,0,,,Goods-in inspection,B-106-004-W12
INS-00813,2026-03-24,SUP-003,CMP-106,CNC Milling,Oil Port Position,12.0,11.96,12.04,mm,11.9846,1,0,,,Goods-in inspection,B-106-003-W12
INS-00755,2026-03-25,SUP-001,CMP-101,CNC Turning,Journal Diameter,25.0,24.98,25.02,mm,25.0086,1,0,,,Goods-in inspection,B-101-001-W12
INS-00756,2026-03-25,SUP-001,CMP-101,CNC Turning,Journal Diameter,25.0,24.98,25.02,mm,25.0036,1,0,,,Goods-in inspection,B-101-001-W12
INS-00757,2026-03-25,SUP-001,CMP-101,CNC Turning,Journal Diameter,25.0,24.98,25.02,mm,25.0059,1,0,,,Goods-in inspection,B-101-001-W12
INS-00770,2026-03-25,SUP-003,CMP-102,CNC Milling,Bore Diameter,60.0,59.95,60.05,mm,59.9674,1,1,Burr,Minor,Final inspection,B-102-003-W12
INS-00771,2026-03-25,SUP-003,CMP-102,CNC Milling,Bore Diameter,60.0,59.95,60.05,mm,60.0083,1,0,,,Goods-in inspection,B-102-003-W12
INS-00779,2026-03-25,SUP-002,CMP-103,CNC Milling,Hub Thickness,8.0,7.97,8.03,mm,7.9941,1,0,,,Goods-in inspection,B-103-002-W12
INS-00787,2026-03-25,SUP-004,CMP-104,Cylindrical Grinding,Bore Diameter,42.0,41.975,42.025,mm,42.0081,1,0,,,Goods-in inspection,B-104-004-W12
INS-00793,2026-03-25,SUP-001,CMP-104,Cylindrical Grinding,Bore Diameter,42.0,41.975,42.025,mm,41.9898,1,0,,,Goods-in inspection,B-104-001-W12
INS-00799,2026-03-25,SUP-005,CMP-105,Cylindrical Grinding,Pitch Diameter,18.0,17.985,18.015,mm,18.0049,1,0,,,Goods-in inspection,B-105-005-W12
INS-00800,2026-03-25,SUP-005,CMP-105,Cylindrical Grinding,Pitch Diameter,18.0,17.985,18.015,mm,18.003,1,0,,,Goods-in inspection,B-105-005-W12
INS-00807,2026-03-25,SUP-004,CMP-106,CNC Milling,Oil Port Position,12.0,11.96,12.04,mm,11.9932,1,0,,,Goods-in inspection,B-106-004-W12
INS-00808,2026-03-25,SUP-004,CMP-106,CNC Milling,Oil Port Position,12.0,11.96,12.04,mm,12.014,1,0,,,Goods-in inspection,B-106-004-W12
INS-00814,2026-03-25,SUP-003,CMP-106,CNC Milling,Oil Port Position,12.0,11.96,12.04,mm,12.0029,1,0,,,Goods-in inspection,B-106-003-W12
INS-00758,2026-03-26,SUP-001,CMP-101,CNC Turning,Journal Diameter,25.0,24.98,25.02,mm,25.006,1,0,,,Goods-in inspection,B-101-001-W12
INS-00759,2026-03-26,SUP-001,CMP-101,CNC Turning,Journal Diameter,25.0,24.98,25.02,mm,25.0132,1,0,,,Goods-in inspection,B-101-001-W12
INS-00760,2026-03-26,SUP-001,CMP-101,CNC Turning,Journal Diameter,25.0,24.98,25.02,mm,25.0099,1,0,,,Goods-in inspection,B-101-001-W12
INS-00765,2026-03-26,SUP-002,CMP-101,CNC Turning,Journal Diameter,25.0,24.98,25.02,mm,24.9978,1,0,,,Goods-in inspection,B-101-002-W12
INS-00772,2026-03-26,SUP-003,CMP-102,CNC Milling,Bore Diameter,60.0,59.95,60.05,mm,59.9791,1,0,,,Goods-in inspection,B-102-003-W12
INS-00773,2026-03-26,SUP-003,CMP-102,CNC Milling,Bore Diameter,60.0,59.95,60.05,mm,60.0079,1,0,,,Goods-in inspection,B-102-003-W12
INS-00780,2026-03-26,SUP-002,CMP-103,CNC Milling,Hub Thickness,8.0,7.97,8.03,mm,7.9968,1,0,,,Goods-in inspection,B-103-002-W12
INS-00781,2026-03-26,SUP-002,CMP-103,CNC Milling,Hub Thickness,8.0,7.97,8.03,mm,8.0053,1,0,,,Goods-in inspection,B-103-002-W12
INS-00788,2026-03-26,SUP-004,CMP-104,Cylindrical Grinding,Bore Diameter,42.0,41.975,42.025,mm,42.0089,1,0,,,Goods-in inspection,B-104-004-W12
INS-00789,2026-03-26,SUP-004,CMP-104,Cylindrical Grinding,Bore Diameter,42.0,41.975,42.025,mm,42.0076,1,0,,,Goods-in inspection,B-104-004-W12
INS-00794,2026-03-26,SUP-001,CMP-104,Cylindrical Grinding,Bore Diameter,42.0,41.975,42.025,mm,41.9971,1,0,,,Goods-in inspection,B-104-001-W12
INS-00801,2026-03-26,SUP-005,CMP-105,Cylindrical Grinding,Pitch Diameter,18.0,17.985,18.015,mm,18.0002,1,0,,,Goods-in inspection,B-105-005-W12
INS-00802,2026-03-26,SUP-005,CMP-105,Cylindrical Grinding,Pitch Diameter,18.0,17.985,18.015,mm,17.9921,1,0,,,Goods-in inspection,B-105-005-W12
INS-00809,2026-03-26,SUP-004,CMP-106,CNC Milling,Oil Port Position,12.0,11.96,12.04,mm,11.9868,1,1,Burr,Major,Goods-in inspection,B-106-004-W12
INS-00815,2026-03-26,SUP-003,CMP-106,CNC Milling,Oil Port Position,12.0,11.96,12.04,mm,11.9985,1,0,,,Goods-in inspection,B-106-003-W12
INS-00761,2026-03-27,SUP-001,CMP-101,CNC Turning,Journal Diameter,25.0,24.98,25.02,mm,25.0047,1,0,,,Goods-in inspection,B-101-001-W12
INS-00762,2026-03-27,SUP-001,CMP-101,CNC Turning,Journal Diameter,25.0,24.98,25.02,mm,25.0032,1,0,,,Goods-in inspection,B-101-001-W12
INS-00774,2026-03-27,SUP-003,CMP-102,CNC Milling,Bore Diameter,60.0,59.95,60.05,mm,60.0184,1,0,,,Goods-in inspection,B-102-003-W12
INS-00782,2026-03-27,SUP-002,CMP-103,CNC Milling,Hub Thickness,8.0,7.97,8.03,mm,7.981,1,0,,,Goods-in inspection,B-103-002-W12
INS-00790,2026-03-27,SUP-004,CMP-104,Cylindrical Grinding,Bore Diameter,42.0,41.975,42.025,mm,41.999,1,0,,,Goods-in inspection,B-104-004-W12
INS-00803,2026-03-27,SUP-005,CMP-105,Cylindrical Grinding,Pitch Diameter,18.0,17.985,18.015,mm,18.0002,1,0,,,Goods-in inspection,B-105-005-W12
INS-00810,2026-03-27,SUP-004,CMP-106,CNC Milling,Oil Port Position,12.0,11.96,12.04,mm,11.9838,1,0,,,Goods-in inspection,B-106-004-W12
INS-00816,2026-03-27,SUP-003,CMP-106,CNC Milling,Oil Port Position,12.0,11.96,12.04,mm,11.9995,1,0,,,Goods-in inspection,B-106-003-W12
INS-00817,2026-03-30,SUP-001,CMP-101,CNC Turning,Journal Diameter,25.0,24.98,25.02,mm,25.0071,1,0,,,Goods-in inspection,B-101-001-W13
INS-00818,2026-03-30,SUP-001,CMP-101,CNC Turning,Journal Diameter,25.0,24.98,25.02,mm,25.0193,1,0,,,Goods-in inspection,B-101-001-W13
INS-00819,2026-03-30,SUP-001,CMP-101,CNC Turning,Journal Diameter,25.0,24.98,25.02,mm,25.0142,1,0,,,Goods-in inspection,B-101-001-W13
INS-00831,2026-03-30,SUP-002,CMP-101,CNC Turning,Journal Diameter,25.0,24.98,25.02,mm,24.9966,1,0,,,Goods-in inspection,B-101-002-W13
INS-00834,2026-03-30,SUP-003,CMP-102,CNC Milling,Bore Diameter,60.0,59.95,60.05,mm,60.0005,1,0,,,Goods-in inspection,B-102-003-W13
INS-00835,2026-03-30,SUP-003,CMP-102,CNC Milling,Bore Diameter,60.0,59.95,60.05,mm,60.0012,1,0,,,Goods-in inspection,B-102-003-W13
INS-00843,2026-03-30,SUP-002,CMP-103,CNC Milling,Hub Thickness,8.0,7.97,8.03,mm,8.0057,1,0,,,Goods-in inspection,B-103-002-W13
INS-00844,2026-03-30,SUP-002,CMP-103,CNC Milling,Hub Thickness,8.0,7.97,8.03,mm,8.008,1,0,,,Goods-in inspection,B-103-002-W13
INS-00851,2026-03-30,SUP-004,CMP-104,Cylindrical Grinding,Bore Diameter,42.0,41.975,42.025,mm,41.9963,1,0,,,Goods-in inspection,B-104-004-W13
INS-00852,2026-03-30,SUP-004,CMP-104,Cylindrical Grinding,Bore Diameter,42.0,41.975,42.025,mm,41.9954,1,0,,,Goods-in inspection,B-104-004-W13
INS-00859,2026-03-30,SUP-001,CMP-104,Cylindrical Grinding,Bore Diameter,42.0,41.975,42.025,mm,41.9932,1,0,,,Goods-in inspection,B-104-001-W13
INS-00863,2026-03-30,SUP-005,CMP-105,Cylindrical Grinding,Pitch Diameter,18.0,17.985,18.015,mm,17.9984,1,0,,,Goods-in inspection,B-105-005-W13
INS-00864,2026-03-30,SUP-005,CMP-105,Cylindrical Grinding,Pitch Diameter,18.0,17.985,18.015,mm,18.0055,1,0,,,Goods-in inspection,B-105-005-W13
INS-00872,2026-03-30,SUP-004,CMP-106,CNC Milling,Oil Port Position,12.0,11.96,12.04,mm,11.9934,1,0,,,Goods-in inspection,B-106-004-W13
INS-00873,2026-03-30,SUP-004,CMP-106,CNC Milling,Oil Port Position,12.0,11.96,12.04,mm,12.0017,1,0,,,Goods-in inspection,B-106-004-W13
INS-00879,2026-03-30,SUP-003,CMP-106,CNC Milling,Oil Port Position,12.0,11.96,12.04,mm,12.0022,1,0,,,Goods-in inspection,B-106-003-W13
INS-00880,2026-03-30,SUP-003,CMP-106,CNC Milling,Oil Port Position,12.0,11.96,12.04,mm,11.9933,1,0,,,Goods-in inspection,B-106-003-W13
INS-00820,2026-03-31,SUP-001,CMP-101,CNC Turning,Journal Diameter,25.0,24.98,25.02,mm,25.0079,1,0,,,Goods-in inspection,B-101-001-W13
INS-00821,2026-03-31,SUP-001,CMP-101,CNC Turning,Journal Diameter,25.0,24.98,25.02,mm,25.0096,1,0,,,Goods-in inspection,B-101-001-W13
INS-00822,2026-03-31,SUP-001,CMP-101,CNC Turning,Journal Diameter,25.0,24.98,25.02,mm,25.0043,1,0,,,Goods-in inspection,B-101-001-W13
INS-00832,2026-03-31,SUP-002,CMP-101,CNC Turning,Journal Diameter,25.0,24.98,25.02,mm,25.0007,1,0,,,Goods-in inspection,B-101-002-W13
INS-00836,2026-03-31,SUP-003,CMP-102,CNC Milling,Bore Diameter,60.0,59.95,60.05,mm,59.9931,1,0,,,Goods-in inspection,B-102-003-W13
INS-00837,2026-03-31,SUP-003,CMP-102,CNC Milling,Bore Diameter,60.0,59.95,60.05,mm,60.011,1,0,,,Goods-in inspection,B-102-003-W13
INS-00845,2026-03-31,SUP-002,CMP-103,CNC Milling,Hub Thickness,8.0,7.97,8.03,mm,7.9955,1,0,,,Goods-in inspection,B-103-002-W13
INS-00846,2026-03-31,SUP-002,CMP-103,CNC Milling,Hub Thickness,8.0,7.97,8.03,mm,8.0001,1,0,,,Goods-in inspection,B-103-002-W13
INS-00853,2026-03-31,SUP-004,CMP-104,Cylindrical Grinding,Bore Diameter,42.0,41.975,42.025,mm,42.0033,1,0,,,Goods-in inspection,B-104-004-W13
INS-00854,2026-03-31,SUP-004,CMP-104,Cylindrical Grinding,Bore Diameter,42.0,41.975,42.025,mm,42.0135,1,0,,,Goods-in inspection,B-104-004-W13
INS-00860,2026-03-31,SUP-001,CMP-104,Cylindrical Grinding,Bore Diameter,42.0,41.975,42.025,mm,42.0036,1,0,,,Goods-in inspection,B-104-001-W13
INS-00865,2026-03-31,SUP-005,CMP-105,Cylindrical Grinding,Pitch Diameter,18.0,17.985,18.015,mm,17.9968,1,0,,,Goods-in inspection,B-105-005-W13
INS-00866,2026-03-31,SUP-005,CMP-105,Cylindrical Grinding,Pitch Diameter,18.0,17.985,18.015,mm,17.9992,1,0,,,Goods-in inspection,B-105-005-W13
INS-00874,2026-03-31,SUP-004,CMP-106,CNC Milling,Oil Port Position,12.0,11.96,12.04,mm,12.0021,1,0,,,Goods-in inspection,B-106-004-W13
INS-00881,2026-03-31,SUP-003,CMP-106,CNC Milling,Oil Port Position,12.0,11.96,12.04,mm,11.9757,1,0,,,Goods-in inspection,B-106-003-W13
INS-00823,2026-04-01,SUP-001,CMP-101,CNC Turning,Journal Diameter,25.0,24.98,25.02,mm,25.0175,1,0,,,Goods-in inspection,B-101-001-W13
INS-00824,2026-04-01,SUP-001,CMP-101,CNC Turning,Journal Diameter,25.0,24.98,25.02,mm,25.005,1,0,,,Goods-in inspection,B-101-001-W13
INS-00825,2026-04-01,SUP-001,CMP-101,CNC Turning,Journal Diameter,25.0,24.98,25.02,mm,25.0095,1,0,,,Goods-in inspection,B-101-001-W13
INS-00838,2026-04-01,SUP-003,CMP-102,CNC Milling,Bore Diameter,60.0,59.95,60.05,mm,60.0019,1,0,,,Goods-in inspection,B-102-003-W13
INS-00839,2026-04-01,SUP-003,CMP-102,CNC Milling,Bore Diameter,60.0,59.95,60.05,mm,60.0103,1,0,,,Goods-in inspection,B-102-003-W13
INS-00847,2026-04-01,SUP-002,CMP-103,CNC Milling,Hub Thickness,8.0,7.97,8.03,mm,7.9883,1,0,,,Goods-in inspection,B-103-002-W13
INS-00855,2026-04-01,SUP-004,CMP-104,Cylindrical Grinding,Bore Diameter,42.0,41.975,42.025,mm,41.9937,1,0,,,Goods-in inspection,B-104-004-W13
INS-00861,2026-04-01,SUP-001,CMP-104,Cylindrical Grinding,Bore Diameter,42.0,41.975,42.025,mm,42.0044,1,0,,,Goods-in inspection,B-104-001-W13
INS-00867,2026-04-01,SUP-005,CMP-105,Cylindrical Grinding,Pitch Diameter,18.0,17.985,18.015,mm,18.0043,1,0,,,Goods-in inspection,B-105-005-W13
INS-00868,2026-04-01,SUP-005,CMP-105,Cylindrical Grinding,Pitch Diameter,18.0,17.985,18.015,mm,17.9983,1,0,,,Goods-in inspection,B-105-005-W13
INS-00875,2026-04-01,SUP-004,CMP-106,CNC Milling,Oil Port Position,12.0,11.96,12.04,mm,11.9987,1,0,,,Goods-in inspection,B-106-004-W13
INS-00876,2026-04-01,SUP-004,CMP-106,CNC Milling,Oil Port Position,12.0,11.96,12.04,mm,12.0119,1,0,,,Goods-in inspection,B-106-004-W13
INS-00882,2026-04-01,SUP-003,CMP-106,CNC Milling,Oil Port Position,12.0,11.96,12.04,mm,12.0021,1,0,,,Goods-in inspection,B-106-003-W13
INS-00826,2026-04-02,SUP-001,CMP-101,CNC Turning,Journal Diameter,25.0,24.98,25.02,mm,25.0089,1,0,,,Goods-in inspection,B-101-001-W13
INS-00827,2026-04-02,SUP-001,CMP-101,CNC Turning,Journal Diameter,25.0,24.98,25.02,mm,25.0083,1,0,,,Goods-in inspection,B-101-001-W13
INS-00828,2026-04-02,SUP-001,CMP-101,CNC Turning,Journal Diameter,25.0,24.98,25.02,mm,25.0111,1,0,,,Goods-in inspection,B-101-001-W13
INS-00833,2026-04-02,SUP-002,CMP-101,CNC Turning,Journal Diameter,25.0,24.98,25.02,mm,24.9944,1,0,,,Goods-in inspection,B-101-002-W13
INS-00840,2026-04-02,SUP-003,CMP-102,CNC Milling,Bore Diameter,60.0,59.95,60.05,mm,60.0147,1,0,,,Goods-in inspection,B-102-003-W13
INS-00841,2026-04-02,SUP-003,CMP-102,CNC Milling,Bore Diameter,60.0,59.95,60.05,mm,60.0121,1,0,,,Goods-in inspection,B-102-003-W13
INS-00848,2026-04-02,SUP-002,CMP-103,CNC Milling,Hub Thickness,8.0,7.97,8.03,mm,7.9993,1,0,,,Goods-in inspection,B-103-002-W13
INS-00849,2026-04-02,SUP-002,CMP-103,CNC Milling,Hub Thickness,8.0,7.97,8.03,mm,8.0071,1,0,,,Goods-in inspection,B-103-002-W13
INS-00856,2026-04-02,SUP-004,CMP-104,Cylindrical Grinding,Bore Diameter,42.0,41.975,42.025,mm,41.9896,1,0,,,Goods-in inspection,B-104-004-W13
INS-00857,2026-04-02,SUP-004,CMP-104,Cylindrical Grinding,Bore Diameter,42.0,41.975,42.025,mm,41.9922,1,0,,,Goods-in inspection,B-104-004-W13
INS-00862,2026-04-02,SUP-001,CMP-104,Cylindrical Grinding,Bore Diameter,42.0,41.975,42.025,mm,41.9871,1,0,,,Goods-in inspection,B-104-001-W13
INS-00869,2026-04-02,SUP-005,CMP-105,Cylindrical Grinding,Pitch Diameter,18.0,17.985,18.015,mm,18.0006,1,0,,,Goods-in inspection,B-105-005-W13
INS-00870,2026-04-02,SUP-005,CMP-105,Cylindrical Grinding,Pitch Diameter,18.0,17.985,18.015,mm,17.9997,1,0,,,Goods-in inspection,B-105-005-W13
INS-00877,2026-04-02,SUP-004,CMP-106,CNC Milling,Oil Port Position,12.0,11.96,12.04,mm,12.0088,1,0,,,Goods-in inspection,B-106-004-W13
INS-00883,2026-04-02,SUP-003,CMP-106,CNC Milling,Oil Port Position,12.0,11.96,12.04,mm,12.003,1,0,,,Goods-in inspection,B-106-003-W13
INS-00829,2026-04-03,SUP-001,CMP-101,CNC Turning,Journal Diameter,25.0,24.98,25.02,mm,25.005,1,0,,,Goods-in inspection,B-101-001-W13
INS-00830,2026-04-03,SUP-001,CMP-101,CNC Turning,Journal Diameter,25.0,24.98,25.02,mm,25.0071,1,0,,,Goods-in inspection,B-101-001-W13
INS-00842,2026-04-03,SUP-003,CMP-102,CNC Milling,Bore Diameter,60.0,59.95,60.05,mm,60.0067,1,0,,,Goods-in inspection,B-102-003-W13
INS-00850,2026-04-03,SUP-002,CMP-103,CNC Milling,Hub Thickness,8.0,7.97,8.03,mm,8.0059,1,0,,,Goods-in inspection,B-103-002-W13
INS-00858,2026-04-03,SUP-004,CMP-104,Cylindrical Grinding,Bore Diameter,42.0,41.975,42.025,mm,42.009,1,0,,,Goods-in inspection,B-104-004-W13
INS-00871,2026-04-03,SUP-005,CMP-105,Cylindrical Grinding,Pitch Diameter,18.0,17.985,18.015,mm,18.0,1,0,,,Goods-in inspection,B-105-005-W13
INS-00878,2026-04-03,SUP-004,CMP-106,CNC Milling,Oil Port Position,12.0,11.96,12.04,mm,12.0076,1,0,,,Goods-in inspection,B-106-004-W13
INS-00884,2026-04-03,SUP-003,CMP-106,CNC Milling,Oil Port Position,12.0,11.96,12.04,mm,11.9982,1,0,,,Goods-in inspection,B-106-003-W13
INS-00885,2026-04-06,SUP-001,CMP-101,CNC Turning,Journal Diameter,25.0,24.98,25.02,mm,25.0149,1,0,,,Goods-in inspection,B-101-001-W14
INS-00886,2026-04-06,SUP-001,CMP-101,CNC Turning,Journal Diameter,25.0,24.98,25.02,mm,24.9999,1,0,,,Goods-in inspection,B-101-001-W14
INS-00887,2026-04-06,SUP-001,CMP-101,CNC Turning,Journal Diameter,25.0,24.98,25.02,mm,25.0049,1,0,,,Goods-in inspection,B-101-001-W14
INS-00899,2026-04-06,SUP-002,CMP-101,CNC Turning,Journal Diameter,25.0,24.98,25.02,mm,25.0035,1,0,,,Goods-in inspection,B-101-002-W14
INS-00902,2026-04-06,SUP-003,CMP-102,CNC Milling,Bore Diameter,60.0,59.95,60.05,mm,59.9896,1,0,,,Goods-in inspection,B-102-003-W14
INS-00903,2026-04-06,SUP-003,CMP-102,CNC Milling,Bore Diameter,60.0,59.95,60.05,mm,60.0304,1,0,,,Goods-in inspection,B-102-003-W14
INS-00911,2026-04-06,SUP-002,CMP-103,CNC Milling,Hub Thickness,8.0,7.97,8.03,mm,7.9951,1,0,,,Goods-in inspection,B-103-002-W14
INS-00912,2026-04-06,SUP-002,CMP-103,CNC Milling,Hub Thickness,8.0,7.97,8.03,mm,7.9986,1,0,,,Goods-in inspection,B-103-002-W14
INS-00919,2026-04-06,SUP-004,CMP-104,Cylindrical Grinding,Bore Diameter,42.0,41.975,42.025,mm,42.0018,1,0,,,Goods-in inspection,B-104-004-W14
INS-00920,2026-04-06,SUP-004,CMP-104,Cylindrical Grinding,Bore Diameter,42.0,41.975,42.025,mm,42.0087,1,0,,,Goods-in inspection,B-104-004-W14
INS-00927,2026-04-06,SUP-001,CMP-104,Cylindrical Grinding,Bore Diameter,42.0,41.975,42.025,mm,42.0078,1,0,,,Goods-in inspection,B-104-001-W14
INS-00931,2026-04-06,SUP-005,CMP-105,Cylindrical Grinding,Pitch Diameter,18.0,17.985,18.015,mm,18.0015,1,0,,,Goods-in inspection,B-105-005-W14
INS-00932,2026-04-06,SUP-005,CMP-105,Cylindrical Grinding,Pitch Diameter,18.0,17.985,18.015,mm,18.0056,1,0,,,Goods-in inspection,B-105-005-W14
INS-00940,2026-04-06,SUP-004,CMP-106,CNC Milling,Oil Port Position,12.0,11.96,12.04,mm,11.9999,1,0,,,Goods-in inspection,B-106-004-W14
INS-00941,2026-04-06,SUP-004,CMP-106,CNC Milling,Oil Port Position,12.0,11.96,12.04,mm,11.9712,1,0,,,Goods-in inspection,B-106-004-W14
INS-00947,2026-04-06,SUP-003,CMP-106,CNC Milling,Oil Port Position,12.0,11.96,12.04,mm,11.9983,1,0,,,Goods-in inspection,B-106-003-W14
INS-00948,2026-04-06,SUP-003,CMP-106,CNC Milling,Oil Port Position,12.0,11.96,12.04,mm,12.0202,1,0,,,Goods-in inspection,B-106-003-W14
INS-00888,2026-04-07,SUP-001,CMP-101,CNC Turning,Journal Diameter,25.0,24.98,25.02,mm,25.0167,1,0,,,Goods-in inspection,B-101-001-W14
INS-00889,2026-04-07,SUP-001,CMP-101,CNC Turning,Journal Diameter,25.0,24.98,25.02,mm,25.0089,1,0,,,Goods-in inspection,B-101-001-W14
INS-00890,2026-04-07,SUP-001,CMP-101,CNC Turning,Journal Diameter,25.0,24.98,25.02,mm,25.012,1,0,,,Goods-in inspection,B-101-001-W14
INS-00900,2026-04-07,SUP-002,CMP-101,CNC Turning,Journal Diameter,25.0,24.98,25.02,mm,25.0039,1,0,,,Goods-in inspection,B-101-002-W14
INS-00904,2026-04-07,SUP-003,CMP-102,CNC Milling,Bore Diameter,60.0,59.95,60.05,mm,60.0071,1,0,,,Goods-in inspection,B-102-003-W14
INS-00905,2026-04-07,SUP-003,CMP-102,CNC Milling,Bore Diameter,60.0,59.95,60.05,mm,60.0129,1,0,,,Goods-in inspection,B-102-003-W14
INS-00913,2026-04-07,SUP-002,CMP-103,CNC Milling,Hub Thickness,8.0,7.97,8.03,mm,8.0038,1,0,,,Goods-in inspection,B-103-002-W14
INS-00914,2026-04-07,SUP-002,CMP-103,CNC Milling,Hub Thickness,8.0,7.97,8.03,mm,7.999,1,0,,,Goods-in inspection,B-103-002-W14
INS-00921,2026-04-07,SUP-004,CMP-104,Cylindrical Grinding,Bore Diameter,42.0,41.975,42.025,mm,41.9942,1,0,,,Goods-in inspection,B-104-004-W14
INS-00922,2026-04-07,SUP-004,CMP-104,Cylindrical Grinding,Bore Diameter,42.0,41.975,42.025,mm,41.9982,1,0,,,Goods-in inspection,B-104-004-W14
INS-00928,2026-04-07,SUP-001,CMP-104,Cylindrical Grinding,Bore Diameter,42.0,41.975,42.025,mm,42.0092,1,0,,,Goods-in inspection,B-104-001-W14
INS-00933,2026-04-07,SUP-005,CMP-105,Cylindrical Grinding,Pitch Diameter,18.0,17.985,18.015,mm,18.0016,1,0,,,Goods-in inspection,B-105-005-W14
INS-00934,2026-04-07,SUP-005,CMP-105,Cylindrical Grinding,Pitch Diameter,18.0,17.985,18.015,mm,18.001,1,0,,,Goods-in inspection,B-105-005-W14
INS-00942,2026-04-07,SUP-004,CMP-106,CNC Milling,Oil Port Position,12.0,11.96,12.04,mm,11.9921,1,0,,,Goods-in inspection,B-106-004-W14
INS-00949,2026-04-07,SUP-003,CMP-106,CNC Milling,Oil Port Position,12.0,11.96,12.04,mm,12.0005,1,0,,,Goods-in inspection,B-106-003-W14
INS-00891,2026-04-08,SUP-001,CMP-101,CNC Turning,Journal Diameter,25.0,24.98,25.02,mm,25.0176,1,0,,,Goods-in inspection,B-101-001-W14
INS-00892,2026-04-08,SUP-001,CMP-101,CNC Turning,Journal Diameter,25.0,24.98,25.02,mm,25.0085,1,0,,,Goods-in inspection,B-101-001-W14
INS-00893,2026-04-08,SUP-001,CMP-101,CNC Turning,Journal Diameter,25.0,24.98,25.02,mm,25.0097,1,0,,,Goods-in inspection,B-101-001-W14
INS-00906,2026-04-08,SUP-003,CMP-102,CNC Milling,Bore Diameter,60.0,59.95,60.05,mm,60.0016,1,0,,,Goods-in inspection,B-102-003-W14
INS-00907,2026-04-08,SUP-003,CMP-102,CNC Milling,Bore Diameter,60.0,59.95,60.05,mm,59.9912,1,0,,,Goods-in inspection,B-102-003-W14
INS-00915,2026-04-08,SUP-002,CMP-103,CNC Milling,Hub Thickness,8.0,7.97,8.03,mm,7.9936,1,0,,,Goods-in inspection,B-103-002-W14
INS-00923,2026-04-08,SUP-004,CMP-104,Cylindrical Grinding,Bore Diameter,42.0,41.975,42.025,mm,42.0156,1,0,,,Goods-in inspection,B-104-004-W14
INS-00929,2026-04-08,SUP-001,CMP-104,Cylindrical Grinding,Bore Diameter,42.0,41.975,42.025,mm,42.0116,1,0,,,Goods-in inspection,B-104-001-W14
INS-00935,2026-04-08,SUP-005,CMP-105,Cylindrical Grinding,Pitch Diameter,18.0,17.985,18.015,mm,17.9995,1,0,,,Goods-in inspection,B-105-005-W14
INS-00936,2026-04-08,SUP-005,CMP-105,Cylindrical Grinding,Pitch Diameter,18.0,17.985,18.015,mm,18.0005,1,0,,,Goods-in inspection,B-105-005-W14
INS-00943,2026-04-08,SUP-004,CMP-106,CNC Milling,Oil Port Position,12.0,11.96,12.04,mm,12.0002,1,0,,,Goods-in inspection,B-106-004-W14
INS-00944,2026-04-08,SUP-004,CMP-106,CNC Milling,Oil Port Position,12.0,11.96,12.04,mm,12.0191,1,0,,,Goods-in inspection,B-106-004-W14
INS-00950,2026-04-08,SUP-003,CMP-106,CNC Milling,Oil Port Position,12.0,11.96,12.04,mm,12.0005,1,0,,,Goods-in inspection,B-106-003-W14
INS-00894,2026-04-09,SUP-001,CMP-101,CNC Turning,Journal Diameter,25.0,24.98,25.02,mm,25.0096,1,0,,,Goods-in inspection,B-101-001-W14
INS-00895,2026-04-09,SUP-001,CMP-101,CNC Turning,Journal Diameter,25.0,24.98,25.02,mm,25.0151,1,0,,,Goods-in inspection,B-101-001-W14
INS-00896,2026-04-09,SUP-001,CMP-101,CNC Turning,Journal Diameter,25.0,24.98,25.02,mm,25.005,1,0,,,Goods-in inspection,B-101-001-W14
INS-00901,2026-04-09,SUP-002,CMP-101,CNC Turning,Journal Diameter,25.0,24.98,25.02,mm,25.0004,1,0,,,Goods-in inspection,B-101-002-W14
INS-00908,2026-04-09,SUP-003,CMP-102,CNC Milling,Bore Diameter,60.0,59.95,60.05,mm,60.0206,1,0,,,Goods-in inspection,B-102-003-W14
INS-00909,2026-04-09,SUP-003,CMP-102,CNC Milling,Bore Diameter,60.0,59.95,60.05,mm,59.991,1,0,,,Goods-in inspection,B-102-003-W14
INS-00916,2026-04-09,SUP-002,CMP-103,CNC Milling,Hub Thickness,8.0,7.97,8.03,mm,7.9952,1,0,,,Goods-in inspection,B-103-002-W14
INS-00917,2026-04-09,SUP-002,CMP-103,CNC Milling,Hub Thickness,8.0,7.97,8.03,mm,7.998,1,0,,,Goods-in inspection,B-103-002-W14
INS-00924,2026-04-09,SUP-004,CMP-104,Cylindrical Grinding,Bore Diameter,42.0,41.975,42.025,mm,41.9897,1,0,,,Goods-in inspection,B-104-004-W14
INS-00925,2026-04-09,SUP-004,CMP-104,Cylindrical Grinding,Bore Diameter,42.0,41.975,42.025,mm,41.9985,1,0,,,Goods-in inspection,B-104-004-W14
INS-00930,2026-04-09,SUP-001,CMP-104,Cylindrical Grinding,Bore Diameter,42.0,41.975,42.025,mm,41.9944,1,0,,,Goods-in inspection,B-104-001-W14
INS-00937,2026-04-09,SUP-005,CMP-105,Cylindrical Grinding,Pitch Diameter,18.0,17.985,18.015,mm,17.9991,1,0,,,Goods-in inspection,B-105-005-W14
INS-00938,2026-04-09,SUP-005,CMP-105,Cylindrical Grinding,Pitch Diameter,18.0,17.985,18.015,mm,18.001,1,0,,,Goods-in inspection,B-105-005-W14
INS-00945,2026-04-09,SUP-004,CMP-106,CNC Milling,Oil Port Position,12.0,11.96,12.04,mm,12.0138,1,0,,,Goods-in inspection,B-106-004-W14
INS-00951,2026-04-09,SUP-003,CMP-106,CNC Milling,Oil Port Position,12.0,11.96,12.04,mm,11.9872,1,0,,,Goods-in inspection,B-106-003-W14
INS-00897,2026-04-10,SUP-001,CMP-101,CNC Turning,Journal Diameter,25.0,24.98,25.02,mm,25.0105,1,0,,,Goods-in inspection,B-101-001-W14
INS-00898,2026-04-10,SUP-001,CMP-101,CNC Turning,Journal Diameter,25.0,24.98,25.02,mm,25.0107,1,0,,,Goods-in inspection,B-101-001-W14
INS-00910,2026-04-10,SUP-003,CMP-102,CNC Milling,Bore Diameter,60.0,59.95,60.05,mm,60.01,1,1,Positional tolerance,Minor,CMM inspection,B-102-003-W14
INS-00918,2026-04-10,SUP-002,CMP-103,CNC Milling,Hub Thickness,8.0,7.97,8.03,mm,8.016,1,0,,,Goods-in inspection,B-103-002-W14
INS-00926,2026-04-10,SUP-004,CMP-104,Cylindrical Grinding,Bore Diameter,42.0,41.975,42.025,mm,41.9877,1,0,,,Goods-in inspection,B-104-004-W14
INS-00939,2026-04-10,SUP-005,CMP-105,Cylindrical Grinding,Pitch Diameter,18.0,17.985,18.015,mm,17.993,1,0,,,Goods-in inspection,B-105-005-W14
INS-00946,2026-04-10,SUP-004,CMP-106,CNC Milling,Oil Port Position,12.0,11.96,12.04,mm,12.0049,1,0,,,Goods-in inspection,B-106-004-W14
INS-00952,2026-04-10,SUP-003,CMP-106,CNC Milling,Oil Port Position,12.0,11.96,12.04,mm,11.9951,1,0,,,Goods-in inspection,B-106-003-W14
INS-00953,2026-04-13,SUP-001,CMP-101,CNC Turning,Journal Diameter,25.0,24.98,25.02,mm,25.0115,1,0,,,Goods-in inspection,B-101-001-W15
INS-00954,2026-04-13,SUP-001,CMP-101,CNC Turning,Journal Diameter,25.0,24.98,25.02,mm,25.0103,1,0,,,Goods-in inspection,B-101-001-W15
INS-00955,2026-04-13,SUP-001,CMP-101,CNC Turning,Journal Diameter,25.0,24.98,25.02,mm,25.0192,1,0,,,Goods-in inspection,B-101-001-W15
INS-00967,2026-04-13,SUP-002,CMP-101,CNC Turning,Journal Diameter,25.0,24.98,25.02,mm,24.9915,1,0,,,Goods-in inspection,B-101-002-W15
INS-00970,2026-04-13,SUP-003,CMP-102,CNC Milling,Bore Diameter,60.0,59.95,60.05,mm,59.9837,1,0,,,Goods-in inspection,B-102-003-W15
INS-00971,2026-04-13,SUP-003,CMP-102,CNC Milling,Bore Diameter,60.0,59.95,60.05,mm,59.9768,1,0,,,Goods-in inspection,B-102-003-W15
INS-00979,2026-04-13,SUP-002,CMP-103,CNC Milling,Hub Thickness,8.0,7.97,8.03,mm,7.9969,1,0,,,Goods-in inspection,B-103-002-W15
INS-00980,2026-04-13,SUP-002,CMP-103,CNC Milling,Hub Thickness,8.0,7.97,8.03,mm,8.0122,1,0,,,Goods-in inspection,B-103-002-W15
INS-00987,2026-04-13,SUP-004,CMP-104,Cylindrical Grinding,Bore Diameter,42.0,41.975,42.025,mm,42.0011,1,0,,,Goods-in inspection,B-104-004-W15
INS-00988,2026-04-13,SUP-004,CMP-104,Cylindrical Grinding,Bore Diameter,42.0,41.975,42.025,mm,41.9969,1,0,,,Goods-in inspection,B-104-004-W15
INS-00995,2026-04-13,SUP-001,CMP-104,Cylindrical Grinding,Bore Diameter,42.0,41.975,42.025,mm,41.9886,1,0,,,Goods-in inspection,B-104-001-W15
INS-00999,2026-04-13,SUP-005,CMP-105,Cylindrical Grinding,Pitch Diameter,18.0,17.985,18.015,mm,17.9957,1,0,,,Goods-in inspection,B-105-005-W15
INS-01000,2026-04-13,SUP-005,CMP-105,Cylindrical Grinding,Pitch Diameter,18.0,17.985,18.015,mm,18.0028,1,0,,,Goods-in inspection,B-105-005-W15
INS-01008,2026-04-13,SUP-004,CMP-106,CNC Milling,Oil Port Position,12.0,11.96,12.04,mm,11.998,1,0,,,Goods-in inspection,B-106-004-W15
INS-01009,2026-04-13,SUP-004,CMP-106,CNC Milling,Oil Port Position,12.0,11.96,12.04,mm,12.019,1,0,,,Goods-in inspection,B-106-004-W15
INS-01015,2026-04-13,SUP-003,CMP-106,CNC Milling,Oil Port Position,12.0,11.96,12.04,mm,12.0133,1,0,,,Goods-in inspection,B-106-003-W15
INS-01016,2026-04-13,SUP-003,CMP-106,CNC Milling,Oil Port Position,12.0,11.96,12.04,mm,11.995,1,0,,,Goods-in inspection,B-106-003-W15
INS-00956,2026-04-14,SUP-001,CMP-101,CNC Turning,Journal Diameter,25.0,24.98,25.02,mm,25.0102,1,0,,,Goods-in inspection,B-101-001-W15
INS-00957,2026-04-14,SUP-001,CMP-101,CNC Turning,Journal Diameter,25.0,24.98,25.02,mm,25.0081,1,0,,,Goods-in inspection,B-101-001-W15
INS-00958,2026-04-14,SUP-001,CMP-101,CNC Turning,Journal Diameter,25.0,24.98,25.02,mm,25.0132,1,0,,,Goods-in inspection,B-101-001-W15
INS-00968,2026-04-14,SUP-002,CMP-101,CNC Turning,Journal Diameter,25.0,24.98,25.02,mm,25.0042,1,0,,,Goods-in inspection,B-101-002-W15
INS-00972,2026-04-14,SUP-003,CMP-102,CNC Milling,Bore Diameter,60.0,59.95,60.05,mm,59.9918,1,0,,,Goods-in inspection,B-102-003-W15
INS-00973,2026-04-14,SUP-003,CMP-102,CNC Milling,Bore Diameter,60.0,59.95,60.05,mm,60.0282,1,0,,,Goods-in inspection,B-102-003-W15
INS-00981,2026-04-14,SUP-002,CMP-103,CNC Milling,Hub Thickness,8.0,7.97,8.03,mm,7.9994,1,0,,,Goods-in inspection,B-103-002-W15
INS-00982,2026-04-14,SUP-002,CMP-103,CNC Milling,Hub Thickness,8.0,7.97,8.03,mm,8.001,1,0,,,Goods-in inspection,B-103-002-W15
INS-00989,2026-04-14,SUP-004,CMP-104,Cylindrical Grinding,Bore Diameter,42.0,41.975,42.025,mm,41.9966,1,0,,,Goods-in inspection,B-104-004-W15
INS-00990,2026-04-14,SUP-004,CMP-104,Cylindrical Grinding,Bore Diameter,42.0,41.975,42.025,mm,42.0042,1,0,,,Goods-in inspection,B-104-004-W15
INS-00996,2026-04-14,SUP-001,CMP-104,Cylindrical Grinding,Bore Diameter,42.0,41.975,42.025,mm,42.0011,1,0,,,Goods-in inspection,B-104-001-W15
INS-01001,2026-04-14,SUP-005,CMP-105,Cylindrical Grinding,Pitch Diameter,18.0,17.985,18.015,mm,18.0022,1,0,,,Goods-in inspection,B-105-005-W15
INS-01002,2026-04-14,SUP-005,CMP-105,Cylindrical Grinding,Pitch Diameter,18.0,17.985,18.015,mm,17.9909,1,0,,,Goods-in inspection,B-105-005-W15
INS-01010,2026-04-14,SUP-004,CMP-106,CNC Milling,Oil Port Position,12.0,11.96,12.04,mm,12.0156,1,0,,,Goods-in inspection,B-106-004-W15
INS-01017,2026-04-14,SUP-003,CMP-106,CNC Milling,Oil Port Position,12.0,11.96,12.04,mm,11.9955,1,0,,,Goods-in inspection,B-106-003-W15
INS-00959,2026-04-15,SUP-001,CMP-101,CNC Turning,Journal Diameter,25.0,24.98,25.02,mm,25.003,1,0,,,Goods-in inspection,B-101-001-W15
INS-00960,2026-04-15,SUP-001,CMP-101,CNC Turning,Journal Diameter,25.0,24.98,25.02,mm,25.0101,1,0,,,Goods-in inspection,B-101-001-W15
INS-00961,2026-04-15,SUP-001,CMP-101,CNC Turning,Journal Diameter,25.0,24.98,25.02,mm,25.0047,1,0,,,Goods-in inspection,B-101-001-W15
INS-00974,2026-04-15,SUP-003,CMP-102,CNC Milling,Bore Diameter,60.0,59.95,60.05,mm,60.0066,1,0,,,Goods-in inspection,B-102-003-W15
INS-00975,2026-04-15,SUP-003,CMP-102,CNC Milling,Bore Diameter,60.0,59.95,60.05,mm,60.0254,1,0,,,Goods-in inspection,B-102-003-W15
INS-00983,2026-04-15,SUP-002,CMP-103,CNC Milling,Hub Thickness,8.0,7.97,8.03,mm,7.9777,1,0,,,Goods-in inspection,B-103-002-W15
INS-00991,2026-04-15,SUP-004,CMP-104,Cylindrical Grinding,Bore Diameter,42.0,41.975,42.025,mm,41.9986,1,0,,,Goods-in inspection,B-104-004-W15
INS-00997,2026-04-15,SUP-001,CMP-104,Cylindrical Grinding,Bore Diameter,42.0,41.975,42.025,mm,42.0029,1,0,,,Goods-in inspection,B-104-001-W15
INS-01003,2026-04-15,SUP-005,CMP-105,Cylindrical Grinding,Pitch Diameter,18.0,17.985,18.015,mm,17.993,1,0,,,Goods-in inspection,B-105-005-W15
INS-01004,2026-04-15,SUP-005,CMP-105,Cylindrical Grinding,Pitch Diameter,18.0,17.985,18.015,mm,18.0015,1,1,Material issue,Major,Goods-in inspection,B-105-005-W15
INS-01011,2026-04-15,SUP-004,CMP-106,CNC Milling,Oil Port Position,12.0,11.96,12.04,mm,12.0084,1,1,Surface finish,Minor,Goods-in inspection,B-106-004-W15
INS-01012,2026-04-15,SUP-004,CMP-106,CNC Milling,Oil Port Position,12.0,11.96,12.04,mm,12.0128,1,0,,,Goods-in inspection,B-106-004-W15
INS-01018,2026-04-15,SUP-003,CMP-106,CNC Milling,Oil Port Position,12.0,11.96,12.04,mm,12.0139,1,0,,,Goods-in inspection,B-106-003-W15
INS-00962,2026-04-16,SUP-001,CMP-101,CNC Turning,Journal Diameter,25.0,24.98,25.02,mm,25.0168,1,0,,,Goods-in inspection,B-101-001-W15
INS-00963,2026-04-16,SUP-001,CMP-101,CNC Turning,Journal Diameter,25.0,24.98,25.02,mm,25.0103,1,0,,,Goods-in inspection,B-101-001-W15
INS-00964,2026-04-16,SUP-001,CMP-101,CNC Turning,Journal Diameter,25.0,24.98,25.02,mm,25.0182,1,0,,,Goods-in inspection,B-101-001-W15
INS-00969,2026-04-16,SUP-002,CMP-101,CNC Turning,Journal Diameter,25.0,24.98,25.02,mm,25.0086,1,0,,,Goods-in inspection,B-101-002-W15
INS-00976,2026-04-16,SUP-003,CMP-102,CNC Milling,Bore Diameter,60.0,59.95,60.05,mm,60.0127,1,0,,,Goods-in inspection,B-102-003-W15
INS-00977,2026-04-16,SUP-003,CMP-102,CNC Milling,Bore Diameter,60.0,59.95,60.05,mm,59.9992,1,0,,,Goods-in inspection,B-102-003-W15
INS-00984,2026-04-16,SUP-002,CMP-103,CNC Milling,Hub Thickness,8.0,7.97,8.03,mm,8.0097,1,0,,,Goods-in inspection,B-103-002-W15
INS-00985,2026-04-16,SUP-002,CMP-103,CNC Milling,Hub Thickness,8.0,7.97,8.03,mm,8.0151,1,0,,,Goods-in inspection,B-103-002-W15
INS-00992,2026-04-16,SUP-004,CMP-104,Cylindrical Grinding,Bore Diameter,42.0,41.975,42.025,mm,41.9881,1,0,,,Goods-in inspection,B-104-004-W15
INS-00993,2026-04-16,SUP-004,CMP-104,Cylindrical Grinding,Bore Diameter,42.0,41.975,42.025,mm,41.9908,1,0,,,Goods-in inspection,B-104-004-W15
INS-00998,2026-04-16,SUP-001,CMP-104,Cylindrical Grinding,Bore Diameter,42.0,41.975,42.025,mm,42.0054,1,0,,,Goods-in inspection,B-104-001-W15
INS-01005,2026-04-16,SUP-005,CMP-105,Cylindrical Grinding,Pitch Diameter,18.0,17.985,18.015,mm,18.0005,1,0,,,Goods-in inspection,B-105-005-W15
INS-01006,2026-04-16,SUP-005,CMP-105,Cylindrical Grinding,Pitch Diameter,18.0,17.985,18.015,mm,17.998,1,0,,,Goods-in inspection,B-105-005-W15
INS-01013,2026-04-16,SUP-004,CMP-106,CNC Milling,Oil Port Position,12.0,11.96,12.04,mm,12.0022,1,0,,,Goods-in inspection,B-106-004-W15
INS-01019,2026-04-16,SUP-003,CMP-106,CNC Milling,Oil Port Position,12.0,11.96,12.04,mm,11.9906,1,0,,,Goods-in inspection,B-106-003-W15
INS-00965,2026-04-17,SUP-001,CMP-101,CNC Turning,Journal Diameter,25.0,24.98,25.02,mm,25.0082,1,0,,,Goods-in inspection,B-101-001-W15
INS-00966,2026-04-17,SUP-001,CMP-101,CNC Turning,Journal Diameter,25.0,24.98,25.02,mm,25.0066,1,0,,,Goods-in inspection,B-101-001-W15
INS-00978,2026-04-17,SUP-003,CMP-102,CNC Milling,Bore Diameter,60.0,59.95,60.05,mm,59.9808,1,0,,,Goods-in inspection,B-102-003-W15
INS-00986,2026-04-17,SUP-002,CMP-103,CNC Milling,Hub Thickness,8.0,7.97,8.03,mm,7.9892,1,0,,,Goods-in inspection,B-103-002-W15
INS-00994,2026-04-17,SUP-004,CMP-104,Cylindrical Grinding,Bore Diameter,42.0,41.975,42.025,mm,42.0206,1,0,,,Goods-in inspection,B-104-004-W15
INS-01007,2026-04-17,SUP-005,CMP-105,Cylindrical Grinding,Pitch Diameter,18.0,17.985,18.015,mm,17.9973,1,0,,,Goods-in inspection,B-105-005-W15
INS-01014,2026-04-17,SUP-004,CMP-106,CNC Milling,Oil Port Position,12.0,11.96,12.04,mm,12.0056,1,0,,,Goods-in inspection,B-106-004-W15
INS-01020,2026-04-17,SUP-003,CMP-106,CNC Milling,Oil Port Position,12.0,11.96,12.04,mm,12.0149,1,1,Burr,Minor,Final inspection,B-106-003-W15
INS-01021,2026-04-20,SUP-001,CMP-101,CNC Turning,Journal Diameter,25.0,24.98,25.02,mm,25.0184,1,0,,,Goods-in inspection,B-101-001-W16
INS-01022,2026-04-20,SUP-001,CMP-101,CNC Turning,Journal Diameter,25.0,24.98,25.02,mm,25.0109,1,0,,,Goods-in inspection,B-101-001-W16
INS-01023,2026-04-20,SUP-001,CMP-101,CNC Turning,Journal Diameter,25.0,24.98,25.02,mm,25.0128,1,0,,,Goods-in inspection,B-101-001-W16
INS-01035,2026-04-20,SUP-002,CMP-101,CNC Turning,Journal Diameter,25.0,24.98,25.02,mm,24.9995,1,0,,,Goods-in inspection,B-101-002-W16
INS-01038,2026-04-20,SUP-003,CMP-102,CNC Milling,Bore Diameter,60.0,59.95,60.05,mm,60.005,1,0,,,Goods-in inspection,B-102-003-W16
INS-01039,2026-04-20,SUP-003,CMP-102,CNC Milling,Bore Diameter,60.0,59.95,60.05,mm,60.0087,1,0,,,Goods-in inspection,B-102-003-W16
INS-01047,2026-04-20,SUP-002,CMP-103,CNC Milling,Hub Thickness,8.0,7.97,8.03,mm,7.9995,1,0,,,Goods-in inspection,B-103-002-W16
INS-01048,2026-04-20,SUP-002,CMP-103,CNC Milling,Hub Thickness,8.0,7.97,8.03,mm,7.9876,1,0,,,Goods-in inspection,B-103-002-W16
INS-01055,2026-04-20,SUP-004,CMP-104,Cylindrical Grinding,Bore Diameter,42.0,41.975,42.025,mm,42.0019,1,0,,,Goods-in inspection,B-104-004-W16
INS-01056,2026-04-20,SUP-004,CMP-104,Cylindrical Grinding,Bore Diameter,42.0,41.975,42.025,mm,41.9988,1,0,,,Goods-in inspection,B-104-004-W16
INS-01063,2026-04-20,SUP-001,CMP-104,Cylindrical Grinding,Bore Diameter,42.0,41.975,42.025,mm,42.0048,1,0,,,Goods-in inspection,B-104-001-W16
INS-01067,2026-04-20,SUP-005,CMP-105,Cylindrical Grinding,Pitch Diameter,18.0,17.985,18.015,mm,17.9999,1,0,,,Goods-in inspection,B-105-005-W16
INS-01068,2026-04-20,SUP-005,CMP-105,Cylindrical Grinding,Pitch Diameter,18.0,17.985,18.015,mm,18.0106,1,0,,,Goods-in inspection,B-105-005-W16
INS-01076,2026-04-20,SUP-004,CMP-106,CNC Milling,Oil Port Position,12.0,11.96,12.04,mm,12.0114,1,0,,,Goods-in inspection,B-106-004-W16
INS-01077,2026-04-20,SUP-004,CMP-106,CNC Milling,Oil Port Position,12.0,11.96,12.04,mm,12.0017,1,0,,,Goods-in inspection,B-106-004-W16
INS-01083,2026-04-20,SUP-003,CMP-106,CNC Milling,Oil Port Position,12.0,11.96,12.04,mm,11.991,1,0,,,Goods-in inspection,B-106-003-W16
INS-01084,2026-04-20,SUP-003,CMP-106,CNC Milling,Oil Port Position,12.0,11.96,12.04,mm,11.9966,1,0,,,Goods-in inspection,B-106-003-W16
INS-01024,2026-04-21,SUP-001,CMP-101,CNC Turning,Journal Diameter,25.0,24.98,25.02,mm,25.0127,1,0,,,Goods-in inspection,B-101-001-W16
INS-01025,2026-04-21,SUP-001,CMP-101,CNC Turning,Journal Diameter,25.0,24.98,25.02,mm,25.0123,1,0,,,Goods-in inspection,B-101-001-W16
INS-01026,2026-04-21,SUP-001,CMP-101,CNC Turning,Journal Diameter,25.0,24.98,25.02,mm,25.0207,0,1,Dimensional deviation,Major,Goods-in inspection,B-101-001-W16
INS-01036,2026-04-21,SUP-002,CMP-101,CNC Turning,Journal Diameter,25.0,24.98,25.02,mm,25.0036,1,0,,,Goods-in inspection,B-101-002-W16
INS-01040,2026-04-21,SUP-003,CMP-102,CNC Milling,Bore Diameter,60.0,59.95,60.05,mm,60.0267,1,0,,,Goods-in inspection,B-102-003-W16
INS-01041,2026-04-21,SUP-003,CMP-102,CNC Milling,Bore Diameter,60.0,59.95,60.05,mm,60.0139,1,0,,,Goods-in inspection,B-102-003-W16
INS-01049,2026-04-21,SUP-002,CMP-103,CNC Milling,Hub Thickness,8.0,7.97,8.03,mm,8.0027,1,0,,,Goods-in inspection,B-103-002-W16
INS-01050,2026-04-21,SUP-002,CMP-103,CNC Milling,Hub Thickness,8.0,7.97,8.03,mm,7.9994,1,0,,,Goods-in inspection,B-103-002-W16
INS-01057,2026-04-21,SUP-004,CMP-104,Cylindrical Grinding,Bore Diameter,42.0,41.975,42.025,mm,42.0027,1,0,,,Goods-in inspection,B-104-004-W16
INS-01058,2026-04-21,SUP-004,CMP-104,Cylindrical Grinding,Bore Diameter,42.0,41.975,42.025,mm,41.9978,1,0,,,Goods-in inspection,B-104-004-W16
INS-01064,2026-04-21,SUP-001,CMP-104,Cylindrical Grinding,Bore Diameter,42.0,41.975,42.025,mm,42.0082,1,0,,,Goods-in inspection,B-104-001-W16
INS-01069,2026-04-21,SUP-005,CMP-105,Cylindrical Grinding,Pitch Diameter,18.0,17.985,18.015,mm,18.0019,1,0,,,Goods-in inspection,B-105-005-W16
INS-01070,2026-04-21,SUP-005,CMP-105,Cylindrical Grinding,Pitch Diameter,18.0,17.985,18.015,mm,17.998,1,0,,,Goods-in inspection,B-105-005-W16
INS-01078,2026-04-21,SUP-004,CMP-106,CNC Milling,Oil Port Position,12.0,11.96,12.04,mm,12.0049,1,0,,,Goods-in inspection,B-106-004-W16
INS-01085,2026-04-21,SUP-003,CMP-106,CNC Milling,Oil Port Position,12.0,11.96,12.04,mm,12.0103,1,0,,,Goods-in inspection,B-106-003-W16
INS-01027,2026-04-22,SUP-001,CMP-101,CNC Turning,Journal Diameter,25.0,24.98,25.02,mm,25.0136,1,0,,,Goods-in inspection,B-101-001-W16
INS-01028,2026-04-22,SUP-001,CMP-101,CNC Turning,Journal Diameter,25.0,24.98,25.02,mm,25.0205,0,1,Dimensional deviation,Critical,CMM inspection,B-101-001-W16
INS-01029,2026-04-22,SUP-001,CMP-101,CNC Turning,Journal Diameter,25.0,24.98,25.02,mm,25.008,1,0,,,Goods-in inspection,B-101-001-W16
INS-01042,2026-04-22,SUP-003,CMP-102,CNC Milling,Bore Diameter,60.0,59.95,60.05,mm,60.0058,1,0,,,Goods-in inspection,B-102-003-W16
INS-01043,2026-04-22,SUP-003,CMP-102,CNC Milling,Bore Diameter,60.0,59.95,60.05,mm,60.0058,1,0,,,Goods-in inspection,B-102-003-W16
INS-01051,2026-04-22,SUP-002,CMP-103,CNC Milling,Hub Thickness,8.0,7.97,8.03,mm,8.0051,1,0,,,Goods-in inspection,B-103-002-W16
INS-01059,2026-04-22,SUP-004,CMP-104,Cylindrical Grinding,Bore Diameter,42.0,41.975,42.025,mm,42.0012,1,0,,,Goods-in inspection,B-104-004-W16
INS-01065,2026-04-22,SUP-001,CMP-104,Cylindrical Grinding,Bore Diameter,42.0,41.975,42.025,mm,41.998,1,0,,,Goods-in inspection,B-104-001-W16
INS-01071,2026-04-22,SUP-005,CMP-105,Cylindrical Grinding,Pitch Diameter,18.0,17.985,18.015,mm,18.0023,1,0,,,Goods-in inspection,B-105-005-W16
INS-01072,2026-04-22,SUP-005,CMP-105,Cylindrical Grinding,Pitch Diameter,18.0,17.985,18.015,mm,18.0031,1,0,,,Goods-in inspection,B-105-005-W16
INS-01079,2026-04-22,SUP-004,CMP-106,CNC Milling,Oil Port Position,12.0,11.96,12.04,mm,11.9999,1,0,,,Goods-in inspection,B-106-004-W16
INS-01080,2026-04-22,SUP-004,CMP-106,CNC Milling,Oil Port Position,12.0,11.96,12.04,mm,12.0078,1,0,,,Goods-in inspection,B-106-004-W16
INS-01086,2026-04-22,SUP-003,CMP-106,CNC Milling,Oil Port Position,12.0,11.96,12.04,mm,11.9974,1,0,,,Goods-in inspection,B-106-003-W16
INS-01030,2026-04-23,SUP-001,CMP-101,CNC Turning,Journal Diameter,25.0,24.98,25.02,mm,25.0091,1,0,,,Goods-in inspection,B-101-001-W16
INS-01031,2026-04-23,SUP-001,CMP-101,CNC Turning,Journal Diameter,25.0,24.98,25.02,mm,25.0034,1,0,,,Goods-in inspection,B-101-001-W16
INS-01032,2026-04-23,SUP-001,CMP-101,CNC Turning,Journal Diameter,25.0,24.98,25.02,mm,25.004,1,0,,,Goods-in inspection,B-101-001-W16
INS-01037,2026-04-23,SUP-002,CMP-101,CNC Turning,Journal Diameter,25.0,24.98,25.02,mm,24.9969,1,0,,,Goods-in inspection,B-101-002-W16
INS-01044,2026-04-23,SUP-003,CMP-102,CNC Milling,Bore Diameter,60.0,59.95,60.05,mm,60.0213,1,0,,,Goods-in inspection,B-102-003-W16
INS-01045,2026-04-23,SUP-003,CMP-102,CNC Milling,Bore Diameter,60.0,59.95,60.05,mm,60.0093,1,0,,,Goods-in inspection,B-102-003-W16
INS-01052,2026-04-23,SUP-002,CMP-103,CNC Milling,Hub Thickness,8.0,7.97,8.03,mm,7.9877,1,0,,,Goods-in inspection,B-103-002-W16
INS-01053,2026-04-23,SUP-002,CMP-103,CNC Milling,Hub Thickness,8.0,7.97,8.03,mm,8.0061,1,0,,,Goods-in inspection,B-103-002-W16
INS-01060,2026-04-23,SUP-004,CMP-104,Cylindrical Grinding,Bore Diameter,42.0,41.975,42.025,mm,41.9939,1,0,,,Goods-in inspection,B-104-004-W16
INS-01061,2026-04-23,SUP-004,CMP-104,Cylindrical Grinding,Bore Diameter,42.0,41.975,42.025,mm,42.006,1,0,,,Goods-in inspection,B-104-004-W16
INS-01066,2026-04-23,SUP-001,CMP-104,Cylindrical Grinding,Bore Diameter,42.0,41.975,42.025,mm,41.9954,1,0,,,Goods-in inspection,B-104-001-W16
INS-01073,2026-04-23,SUP-005,CMP-105,Cylindrical Grinding,Pitch Diameter,18.0,17.985,18.015,mm,17.9979,1,0,,,Goods-in inspection,B-105-005-W16
INS-01074,2026-04-23,SUP-005,CMP-105,Cylindrical Grinding,Pitch Diameter,18.0,17.985,18.015,mm,18.0018,1,0,,,Goods-in inspection,B-105-005-W16
INS-01081,2026-04-23,SUP-004,CMP-106,CNC Milling,Oil Port Position,12.0,11.96,12.04,mm,12.0129,1,0,,,Goods-in inspection,B-106-004-W16
INS-01087,2026-04-23,SUP-003,CMP-106,CNC Milling,Oil Port Position,12.0,11.96,12.04,mm,12.0127,1,0,,,Goods-in inspection,B-106-003-W16
INS-01033,2026-04-24,SUP-001,CMP-101,CNC Turning,Journal Diameter,25.0,24.98,25.02,mm,25.0171,1,0,,,Goods-in inspection,B-101-001-W16
INS-01034,2026-04-24,SUP-001,CMP-101,CNC Turning,Journal Diameter,25.0,24.98,25.02,mm,25.0063,1,0,,,Goods-in inspection,B-101-001-W16
INS-01046,2026-04-24,SUP-003,CMP-102,CNC Milling,Bore Diameter,60.0,59.95,60.05,mm,59.9754,1,0,,,Goods-in inspection,B-102-003-W16
INS-01054,2026-04-24,SUP-002,CMP-103,CNC Milling,Hub Thickness,8.0,7.97,8.03,mm,7.9912,1,0,,,Goods-in inspection,B-103-002-W16
INS-01062,2026-04-24,SUP-004,CMP-104,Cylindrical Grinding,Bore Diameter,42.0,41.975,42.025,mm,42.0009,1,0,,,Goods-in inspection,B-104-004-W16
INS-01075,2026-04-24,SUP-005,CMP-105,Cylindrical Grinding,Pitch Diameter,18.0,17.985,18.015,mm,17.9925,1,0,,,Goods-in inspection,B-105-005-W16
INS-01082,2026-04-24,SUP-004,CMP-106,CNC Milling,Oil Port Position,12.0,11.96,12.04,mm,11.9951,1,0,,,Goods-in inspection,B-106-004-W16
INS-01088,2026-04-24,SUP-003,CMP-106,CNC Milling,Oil Port Position,12.0,11.96,12.04,mm,12.0055,1,0,,,Goods-in inspection,B-106-003-W16
INS-01089,2026-04-27,SUP-001,CMP-101,CNC Turning,Journal Diameter,25.0,24.98,25.02,mm,25.0182,1,0,,,Goods-in inspection,B-101-001-W17
INS-01090,2026-04-27,SUP-001,CMP-101,CNC Turning,Journal Diameter,25.0,24.98,25.02,mm,25.0082,1,0,,,Goods-in inspection,B-101-001-W17
INS-01091,2026-04-27,SUP-001,CMP-101,CNC Turning,Journal Diameter,25.0,24.98,25.02,mm,25.0068,1,0,,,Goods-in inspection,B-101-001-W17
INS-01103,2026-04-27,SUP-002,CMP-101,CNC Turning,Journal Diameter,25.0,24.98,25.02,mm,24.9971,1,0,,,Goods-in inspection,B-101-002-W17
INS-01106,2026-04-27,SUP-003,CMP-102,CNC Milling,Bore Diameter,60.0,59.95,60.05,mm,60.0063,1,0,,,Goods-in inspection,B-102-003-W17
INS-01107,2026-04-27,SUP-003,CMP-102,CNC Milling,Bore Diameter,60.0,59.95,60.05,mm,59.9958,1,0,,,Goods-in inspection,B-102-003-W17
INS-01115,2026-04-27,SUP-002,CMP-103,CNC Milling,Hub Thickness,8.0,7.97,8.03,mm,7.987,1,0,,,Goods-in inspection,B-103-002-W17
INS-01116,2026-04-27,SUP-002,CMP-103,CNC Milling,Hub Thickness,8.0,7.97,8.03,mm,7.9965,1,0,,,Goods-in inspection,B-103-002-W17
INS-01123,2026-04-27,SUP-004,CMP-104,Cylindrical Grinding,Bore Diameter,42.0,41.975,42.025,mm,41.9974,1,0,,,Goods-in inspection,B-104-004-W17
INS-01124,2026-04-27,SUP-004,CMP-104,Cylindrical Grinding,Bore Diameter,42.0,41.975,42.025,mm,41.9929,1,0,,,Goods-in inspection,B-104-004-W17
INS-01131,2026-04-27,SUP-001,CMP-104,Cylindrical Grinding,Bore Diameter,42.0,41.975,42.025,mm,41.9923,1,0,,,Goods-in inspection,B-104-001-W17
INS-01135,2026-04-27,SUP-005,CMP-105,Cylindrical Grinding,Pitch Diameter,18.0,17.985,18.015,mm,18.0037,1,0,,,Goods-in inspection,B-105-005-W17
INS-01136,2026-04-27,SUP-005,CMP-105,Cylindrical Grinding,Pitch Diameter,18.0,17.985,18.015,mm,18.0066,1,0,,,Goods-in inspection,B-105-005-W17
INS-01144,2026-04-27,SUP-004,CMP-106,CNC Milling,Oil Port Position,12.0,11.96,12.04,mm,12.0187,1,0,,,Goods-in inspection,B-106-004-W17
INS-01145,2026-04-27,SUP-004,CMP-106,CNC Milling,Oil Port Position,12.0,11.96,12.04,mm,12.0095,1,0,,,Goods-in inspection,B-106-004-W17
INS-01151,2026-04-27,SUP-003,CMP-106,CNC Milling,Oil Port Position,12.0,11.96,12.04,mm,12.0048,1,0,,,Goods-in inspection,B-106-003-W17
INS-01152,2026-04-27,SUP-003,CMP-106,CNC Milling,Oil Port Position,12.0,11.96,12.04,mm,11.9685,1,0,,,Goods-in inspection,B-106-003-W17
INS-01092,2026-04-28,SUP-001,CMP-101,CNC Turning,Journal Diameter,25.0,24.98,25.02,mm,25.0111,1,0,,,Goods-in inspection,B-101-001-W17
INS-01093,2026-04-28,SUP-001,CMP-101,CNC Turning,Journal Diameter,25.0,24.98,25.02,mm,25.0194,1,0,,,Goods-in inspection,B-101-001-W17
INS-01094,2026-04-28,SUP-001,CMP-101,CNC Turning,Journal Diameter,25.0,24.98,25.02,mm,25.0135,1,0,,,Goods-in inspection,B-101-001-W17
INS-01104,2026-04-28,SUP-002,CMP-101,CNC Turning,Journal Diameter,25.0,24.98,25.02,mm,25.0,1,0,,,Goods-in inspection,B-101-002-W17
INS-01108,2026-04-28,SUP-003,CMP-102,CNC Milling,Bore Diameter,60.0,59.95,60.05,mm,60.0031,1,0,,,Goods-in inspection,B-102-003-W17
INS-01109,2026-04-28,SUP-003,CMP-102,CNC Milling,Bore Diameter,60.0,59.95,60.05,mm,60.0207,1,0,,,Goods-in inspection,B-102-003-W17
INS-01117,2026-04-28,SUP-002,CMP-103,CNC Milling,Hub Thickness,8.0,7.97,8.03,mm,7.9938,1,0,,,Goods-in inspection,B-103-002-W17
INS-01118,2026-04-28,SUP-002,CMP-103,CNC Milling,Hub Thickness,8.0,7.97,8.03,mm,8.007,1,0,,,Goods-in inspection,B-103-002-W17
INS-01125,2026-04-28,SUP-004,CMP-104,Cylindrical Grinding,Bore Diameter,42.0,41.975,42.025,mm,42.0079,1,0,,,Goods-in inspection,B-104-004-W17
INS-01126,2026-04-28,SUP-004,CMP-104,Cylindrical Grinding,Bore Diameter,42.0,41.975,42.025,mm,42.01,1,0,,,Goods-in inspection,B-104-004-W17
INS-01132,2026-04-28,SUP-001,CMP-104,Cylindrical Grinding,Bore Diameter,42.0,41.975,42.025,mm,41.9984,1,0,,,Goods-in inspection,B-104-001-W17
INS-01137,2026-04-28,SUP-005,CMP-105,Cylindrical Grinding,Pitch Diameter,18.0,17.985,18.015,mm,17.9987,1,0,,,Goods-in inspection,B-105-005-W17
INS-01138,2026-04-28,SUP-005,CMP-105,Cylindrical Grinding,Pitch Diameter,18.0,17.985,18.015,mm,18.0066,1,0,,,Goods-in inspection,B-105-005-W17
INS-01146,2026-04-28,SUP-004,CMP-106,CNC Milling,Oil Port Position,12.0,11.96,12.04,mm,12.0176,1,0,,,Goods-in inspection,B-106-004-W17
INS-01153,2026-04-28,SUP-003,CMP-106,CNC Milling,Oil Port Position,12.0,11.96,12.04,mm,12.0044,1,0,,,Goods-in inspection,B-106-003-W17
INS-01095,2026-04-29,SUP-001,CMP-101,CNC Turning,Journal Diameter,25.0,24.98,25.02,mm,25.0179,1,0,,,Goods-in inspection,B-101-001-W17
INS-01096,2026-04-29,SUP-001,CMP-101,CNC Turning,Journal Diameter,25.0,24.98,25.02,mm,25.0161,1,0,,,Goods-in inspection,B-101-001-W17
INS-01097,2026-04-29,SUP-001,CMP-101,CNC Turning,Journal Diameter,25.0,24.98,25.02,mm,25.0093,1,0,,,Goods-in inspection,B-101-001-W17
INS-01110,2026-04-29,SUP-003,CMP-102,CNC Milling,Bore Diameter,60.0,59.95,60.05,mm,60.0013,1,0,,,Goods-in inspection,B-102-003-W17
INS-01111,2026-04-29,SUP-003,CMP-102,CNC Milling,Bore Diameter,60.0,59.95,60.05,mm,59.9841,1,0,,,Goods-in inspection,B-102-003-W17
INS-01119,2026-04-29,SUP-002,CMP-103,CNC Milling,Hub Thickness,8.0,7.97,8.03,mm,7.9944,1,0,,,Goods-in inspection,B-103-002-W17
INS-01127,2026-04-29,SUP-004,CMP-104,Cylindrical Grinding,Bore Diameter,42.0,41.975,42.025,mm,41.9959,1,0,,,Goods-in inspection,B-104-004-W17
INS-01133,2026-04-29,SUP-001,CMP-104,Cylindrical Grinding,Bore Diameter,42.0,41.975,42.025,mm,42.0054,1,0,,,Goods-in inspection,B-104-001-W17
INS-01139,2026-04-29,SUP-005,CMP-105,Cylindrical Grinding,Pitch Diameter,18.0,17.985,18.015,mm,17.9966,1,0,,,Goods-in inspection,B-105-005-W17
INS-01140,2026-04-29,SUP-005,CMP-105,Cylindrical Grinding,Pitch Diameter,18.0,17.985,18.015,mm,18.0011,1,0,,,Goods-in inspection,B-105-005-W17
INS-01147,2026-04-29,SUP-004,CMP-106,CNC Milling,Oil Port Position,12.0,11.96,12.04,mm,11.9856,1,0,,,Goods-in inspection,B-106-004-W17
INS-01148,2026-04-29,SUP-004,CMP-106,CNC Milling,Oil Port Position,12.0,11.96,12.04,mm,11.9818,1,0,,,Goods-in inspection,B-106-004-W17
INS-01154,2026-04-29,SUP-003,CMP-106,CNC Milling,Oil Port Position,12.0,11.96,12.04,mm,12.0069,1,0,,,Goods-in inspection,B-106-003-W17
INS-01098,2026-04-30,SUP-001,CMP-101,CNC Turning,Journal Diameter,25.0,24.98,25.02,mm,25.0021,1,0,,,Goods-in inspection,B-101-001-W17
INS-01099,2026-04-30,SUP-001,CMP-101,CNC Turning,Journal Diameter,25.0,24.98,25.02,mm,25.0116,1,0,,,Goods-in inspection,B-101-001-W17
INS-01100,2026-04-30,SUP-001,CMP-101,CNC Turning,Journal Diameter,25.0,24.98,25.02,mm,25.0115,1,0,,,Goods-in inspection,B-101-001-W17
INS-01105,2026-04-30,SUP-002,CMP-101,CNC Turning,Journal Diameter,25.0,24.98,25.02,mm,25.0011,1,0,,,Goods-in inspection,B-101-002-W17
INS-01112,2026-04-30,SUP-003,CMP-102,CNC Milling,Bore Diameter,60.0,59.95,60.05,mm,59.9832,1,0,,,Goods-in inspection,B-102-003-W17
INS-01113,2026-04-30,SUP-003,CMP-102,CNC Milling,Bore Diameter,60.0,59.95,60.05,mm,60.0028,1,0,,,Goods-in inspection,B-102-003-W17
INS-01120,2026-04-30,SUP-002,CMP-103,CNC Milling,Hub Thickness,8.0,7.97,8.03,mm,7.9938,1,0,,,Goods-in inspection,B-103-002-W17
INS-01121,2026-04-30,SUP-002,CMP-103,CNC Milling,Hub Thickness,8.0,7.97,8.03,mm,7.9896,1,0,,,Goods-in inspection,B-103-002-W17
INS-01128,2026-04-30,SUP-004,CMP-104,Cylindrical Grinding,Bore Diameter,42.0,41.975,42.025,mm,41.9963,1,0,,,Goods-in inspection,B-104-004-W17
INS-01129,2026-04-30,SUP-004,CMP-104,Cylindrical Grinding,Bore Diameter,42.0,41.975,42.025,mm,42.0095,1,0,,,Goods-in inspection,B-104-004-W17
INS-01134,2026-04-30,SUP-001,CMP-104,Cylindrical Grinding,Bore Diameter,42.0,41.975,42.025,mm,42.0071,1,0,,,Goods-in inspection,B-104-001-W17
INS-01141,2026-04-30,SUP-005,CMP-105,Cylindrical Grinding,Pitch Diameter,18.0,17.985,18.015,mm,18.0034,1,0,,,Goods-in inspection,B-105-005-W17
INS-01142,2026-04-30,SUP-005,CMP-105,Cylindrical Grinding,Pitch Diameter,18.0,17.985,18.015,mm,18.0036,1,0,,,Goods-in inspection,B-105-005-W17
INS-01149,2026-04-30,SUP-004,CMP-106,CNC Milling,Oil Port Position,12.0,11.96,12.04,mm,11.9877,1,0,,,Goods-in inspection,B-106-004-W17
INS-01155,2026-04-30,SUP-003,CMP-106,CNC Milling,Oil Port Position,12.0,11.96,12.04,mm,12.0003,1,0,,,Goods-in inspection,B-106-003-W17
INS-01101,2026-05-01,SUP-001,CMP-101,CNC Turning,Journal Diameter,25.0,24.98,25.02,mm,25.013,1,0,,,Goods-in inspection,B-101-001-W17
INS-01102,2026-05-01,SUP-001,CMP-101,CNC Turning,Journal Diameter,25.0,24.98,25.02,mm,25.0089,1,0,,,Goods-in inspection,B-101-001-W17
INS-01114,2026-05-01,SUP-003,CMP-102,CNC Milling,Bore Diameter,60.0,59.95,60.05,mm,59.9981,1,1,Visual defect,Minor,Goods-in inspection,B-102-003-W17
INS-01122,2026-05-01,SUP-002,CMP-103,CNC Milling,Hub Thickness,8.0,7.97,8.03,mm,8.0066,1,0,,,Goods-in inspection,B-103-002-W17
INS-01130,2026-05-01,SUP-004,CMP-104,Cylindrical Grinding,Bore Diameter,42.0,41.975,42.025,mm,41.9949,1,0,,,Goods-in inspection,B-104-004-W17
INS-01143,2026-05-01,SUP-005,CMP-105,Cylindrical Grinding,Pitch Diameter,18.0,17.985,18.015,mm,17.9987,1,0,,,Goods-in inspection,B-105-005-W17
INS-01150,2026-05-01,SUP-004,CMP-106,CNC Milling,Oil Port Position,12.0,11.96,12.04,mm,11.9927,1,0,,,Goods-in inspection,B-106-004-W17
INS-01156,2026-05-01,SUP-003,CMP-106,CNC Milling,Oil Port Position,12.0,11.96,12.04,mm,11.9976,1,0,,,Goods-in inspection,B-106-003-W17
INS-01157,2026-05-04,SUP-001,CMP-101,CNC Turning,Journal Diameter,25.0,24.98,25.02,mm,25.0057,1,0,,,Goods-in inspection,B-101-001-W18
INS-01158,2026-05-04,SUP-001,CMP-101,CNC Turning,Journal Diameter,25.0,24.98,25.02,mm,25.0155,1,0,,,Goods-in inspection,B-101-001-W18
INS-01159,2026-05-04,SUP-001,CMP-101,CNC Turning,Journal Diameter,25.0,24.98,25.02,mm,25.0088,1,0,,,Goods-in inspection,B-101-001-W18
INS-01171,2026-05-04,SUP-002,CMP-101,CNC Turning,Journal Diameter,25.0,24.98,25.02,mm,24.9891,1,0,,,Goods-in inspection,B-101-002-W18
INS-01174,2026-05-04,SUP-003,CMP-102,CNC Milling,Bore Diameter,60.0,59.95,60.05,mm,60.0113,1,0,,,Goods-in inspection,B-102-003-W18
INS-01175,2026-05-04,SUP-003,CMP-102,CNC Milling,Bore Diameter,60.0,59.95,60.05,mm,60.033,1,1,Material issue,Minor,In-process inspection,B-102-003-W18
INS-01183,2026-05-04,SUP-002,CMP-103,CNC Milling,Hub Thickness,8.0,7.97,8.03,mm,7.9882,1,0,,,Goods-in inspection,B-103-002-W18
INS-01184,2026-05-04,SUP-002,CMP-103,CNC Milling,Hub Thickness,8.0,7.97,8.03,mm,8.002,1,0,,,Goods-in inspection,B-103-002-W18
INS-01191,2026-05-04,SUP-004,CMP-104,Cylindrical Grinding,Bore Diameter,42.0,41.975,42.025,mm,42.0023,1,0,,,Goods-in inspection,B-104-004-W18
INS-01192,2026-05-04,SUP-004,CMP-104,Cylindrical Grinding,Bore Diameter,42.0,41.975,42.025,mm,41.9905,1,0,,,Goods-in inspection,B-104-004-W18
INS-01199,2026-05-04,SUP-001,CMP-104,Cylindrical Grinding,Bore Diameter,42.0,41.975,42.025,mm,41.9906,1,0,,,Goods-in inspection,B-104-001-W18
INS-01203,2026-05-04,SUP-005,CMP-105,Cylindrical Grinding,Pitch Diameter,18.0,17.985,18.015,mm,17.9979,1,0,,,Goods-in inspection,B-105-005-W18
INS-01204,2026-05-04,SUP-005,CMP-105,Cylindrical Grinding,Pitch Diameter,18.0,17.985,18.015,mm,17.9961,1,0,,,Goods-in inspection,B-105-005-W18
INS-01212,2026-05-04,SUP-004,CMP-106,CNC Milling,Oil Port Position,12.0,11.96,12.04,mm,12.0102,1,0,,,Goods-in inspection,B-106-004-W18
INS-01213,2026-05-04,SUP-004,CMP-106,CNC Milling,Oil Port Position,12.0,11.96,12.04,mm,12.0074,1,0,,,Goods-in inspection,B-106-004-W18
INS-01219,2026-05-04,SUP-003,CMP-106,CNC Milling,Oil Port Position,12.0,11.96,12.04,mm,11.9903,1,0,,,Goods-in inspection,B-106-003-W18
INS-01220,2026-05-04,SUP-003,CMP-106,CNC Milling,Oil Port Position,12.0,11.96,12.04,mm,11.9769,1,0,,,Goods-in inspection,B-106-003-W18
INS-01160,2026-05-05,SUP-001,CMP-101,CNC Turning,Journal Diameter,25.0,24.98,25.02,mm,25.0209,0,1,Dimensional deviation,Major,Goods-in inspection,B-101-001-W18
INS-01161,2026-05-05,SUP-001,CMP-101,CNC Turning,Journal Diameter,25.0,24.98,25.02,mm,25.0127,1,0,,,Goods-in inspection,B-101-001-W18
INS-01162,2026-05-05,SUP-001,CMP-101,CNC Turning,Journal Diameter,25.0,24.98,25.02,mm,25.0154,1,0,,,Goods-in inspection,B-101-001-W18
INS-01172,2026-05-05,SUP-002,CMP-101,CNC Turning,Journal Diameter,25.0,24.98,25.02,mm,25.0062,1,0,,,Goods-in inspection,B-101-002-W18
INS-01176,2026-05-05,SUP-003,CMP-102,CNC Milling,Bore Diameter,60.0,59.95,60.05,mm,59.9935,1,0,,,Goods-in inspection,B-102-003-W18
INS-01177,2026-05-05,SUP-003,CMP-102,CNC Milling,Bore Diameter,60.0,59.95,60.05,mm,60.0145,1,0,,,Goods-in inspection,B-102-003-W18
INS-01185,2026-05-05,SUP-002,CMP-103,CNC Milling,Hub Thickness,8.0,7.97,8.03,mm,7.9984,1,0,,,Goods-in inspection,B-103-002-W18
INS-01186,2026-05-05,SUP-002,CMP-103,CNC Milling,Hub Thickness,8.0,7.97,8.03,mm,7.9881,1,0,,,Goods-in inspection,B-103-002-W18
INS-01193,2026-05-05,SUP-004,CMP-104,Cylindrical Grinding,Bore Diameter,42.0,41.975,42.025,mm,42.0022,1,0,,,Goods-in inspection,B-104-004-W18
INS-01194,2026-05-05,SUP-004,CMP-104,Cylindrical Grinding,Bore Diameter,42.0,41.975,42.025,mm,41.9927,1,0,,,Goods-in inspection,B-104-004-W18
INS-01200,2026-05-05,SUP-001,CMP-104,Cylindrical Grinding,Bore Diameter,42.0,41.975,42.025,mm,42.001,1,0,,,Goods-in inspection,B-104-001-W18
INS-01205,2026-05-05,SUP-005,CMP-105,Cylindrical Grinding,Pitch Diameter,18.0,17.985,18.015,mm,17.9928,1,0,,,Goods-in inspection,B-105-005-W18
INS-01206,2026-05-05,SUP-005,CMP-105,Cylindrical Grinding,Pitch Diameter,18.0,17.985,18.015,mm,18.0046,1,0,,,Goods-in inspection,B-105-005-W18
INS-01214,2026-05-05,SUP-004,CMP-106,CNC Milling,Oil Port Position,12.0,11.96,12.04,mm,11.9984,1,0,,,Goods-in inspection,B-106-004-W18
INS-01221,2026-05-05,SUP-003,CMP-106,CNC Milling,Oil Port Position,12.0,11.96,12.04,mm,11.9717,1,0,,,Goods-in inspection,B-106-003-W18
INS-01163,2026-05-06,SUP-001,CMP-101,CNC Turning,Journal Diameter,25.0,24.98,25.02,mm,25.0047,1,0,,,Goods-in inspection,B-101-001-W18
INS-01164,2026-05-06,SUP-001,CMP-101,CNC Turning,Journal Diameter,25.0,24.98,25.02,mm,25.0128,1,0,,,Goods-in inspection,B-101-001-W18
INS-01165,2026-05-06,SUP-001,CMP-101,CNC Turning,Journal Diameter,25.0,24.98,25.02,mm,25.0148,1,0,,,Goods-in inspection,B-101-001-W18
INS-01178,2026-05-06,SUP-003,CMP-102,CNC Milling,Bore Diameter,60.0,59.95,60.05,mm,59.9908,1,0,,,Goods-in inspection,B-102-003-W18
INS-01179,2026-05-06,SUP-003,CMP-102,CNC Milling,Bore Diameter,60.0,59.95,60.05,mm,60.0087,1,0,,,Goods-in inspection,B-102-003-W18
INS-01187,2026-05-06,SUP-002,CMP-103,CNC Milling,Hub Thickness,8.0,7.97,8.03,mm,8.0034,1,0,,,Goods-in inspection,B-103-002-W18
INS-01195,2026-05-06,SUP-004,CMP-104,Cylindrical Grinding,Bore Diameter,42.0,41.975,42.025,mm,42.0024,1,0,,,Goods-in inspection,B-104-004-W18
INS-01201,2026-05-06,SUP-001,CMP-104,Cylindrical Grinding,Bore Diameter,42.0,41.975,42.025,mm,41.998,1,0,,,Goods-in inspection,B-104-001-W18
INS-01207,2026-05-06,SUP-005,CMP-105,Cylindrical Grinding,Pitch Diameter,18.0,17.985,18.015,mm,18.0053,1,0,,,Goods-in inspection,B-105-005-W18
INS-01208,2026-05-06,SUP-005,CMP-105,Cylindrical Grinding,Pitch Diameter,18.0,17.985,18.015,mm,18.0047,1,0,,,Goods-in inspection,B-105-005-W18
INS-01215,2026-05-06,SUP-004,CMP-106,CNC Milling,Oil Port Position,12.0,11.96,12.04,mm,12.0182,1,0,,,Goods-in inspection,B-106-004-W18
INS-01216,2026-05-06,SUP-004,CMP-106,CNC Milling,Oil Port Position,12.0,11.96,12.04,mm,12.0138,1,0,,,Goods-in inspection,B-106-004-W18
INS-01222,2026-05-06,SUP-003,CMP-106,CNC Milling,Oil Port Position,12.0,11.96,12.04,mm,11.9847,1,0,,,Goods-in inspection,B-106-003-W18
INS-01166,2026-05-07,SUP-001,CMP-101,CNC Turning,Journal Diameter,25.0,24.98,25.02,mm,25.0185,1,0,,,Goods-in inspection,B-101-001-W18
INS-01167,2026-05-07,SUP-001,CMP-101,CNC Turning,Journal Diameter,25.0,24.98,25.02,mm,25.0138,1,0,,,Goods-in inspection,B-101-001-W18
INS-01168,2026-05-07,SUP-001,CMP-101,CNC Turning,Journal Diameter,25.0,24.98,25.02,mm,25.0103,1,0,,,Goods-in inspection,B-101-001-W18
INS-01173,2026-05-07,SUP-002,CMP-101,CNC Turning,Journal Diameter,25.0,24.98,25.02,mm,25.0034,1,0,,,Goods-in inspection,B-101-002-W18
INS-01180,2026-05-07,SUP-003,CMP-102,CNC Milling,Bore Diameter,60.0,59.95,60.05,mm,60.0092,1,0,,,Goods-in inspection,B-102-003-W18
INS-01181,2026-05-07,SUP-003,CMP-102,CNC Milling,Bore Diameter,60.0,59.95,60.05,mm,60.0101,1,0,,,Goods-in inspection,B-102-003-W18
INS-01188,2026-05-07,SUP-002,CMP-103,CNC Milling,Hub Thickness,8.0,7.97,8.03,mm,7.997,1,0,,,Goods-in inspection,B-103-002-W18
INS-01189,2026-05-07,SUP-002,CMP-103,CNC Milling,Hub Thickness,8.0,7.97,8.03,mm,8.0012,1,0,,,Goods-in inspection,B-103-002-W18
INS-01196,2026-05-07,SUP-004,CMP-104,Cylindrical Grinding,Bore Diameter,42.0,41.975,42.025,mm,41.9945,1,0,,,Goods-in inspection,B-104-004-W18
INS-01197,2026-05-07,SUP-004,CMP-104,Cylindrical Grinding,Bore Diameter,42.0,41.975,42.025,mm,42.0024,1,0,,,Goods-in inspection,B-104-004-W18
INS-01202,2026-05-07,SUP-001,CMP-104,Cylindrical Grinding,Bore Diameter,42.0,41.975,42.025,mm,41.9947,1,0,,,Goods-in inspection,B-104-001-W18
INS-01209,2026-05-07,SUP-005,CMP-105,Cylindrical Grinding,Pitch Diameter,18.0,17.985,18.015,mm,18.004,1,0,,,Goods-in inspection,B-105-005-W18
INS-01210,2026-05-07,SUP-005,CMP-105,Cylindrical Grinding,Pitch Diameter,18.0,17.985,18.015,mm,17.9996,1,0,,,Goods-in inspection,B-105-005-W18
INS-01217,2026-05-07,SUP-004,CMP-106,CNC Milling,Oil Port Position,12.0,11.96,12.04,mm,12.0076,1,0,,,Goods-in inspection,B-106-004-W18
INS-01223,2026-05-07,SUP-003,CMP-106,CNC Milling,Oil Port Position,12.0,11.96,12.04,mm,12.0085,1,0,,,Goods-in inspection,B-106-003-W18
INS-01169,2026-05-08,SUP-001,CMP-101,CNC Turning,Journal Diameter,25.0,24.98,25.02,mm,25.01,1,0,,,Goods-in inspection,B-101-001-W18
INS-01170,2026-05-08,SUP-001,CMP-101,CNC Turning,Journal Diameter,25.0,24.98,25.02,mm,25.0026,1,0,,,Goods-in inspection,B-101-001-W18
INS-01182,2026-05-08,SUP-003,CMP-102,CNC Milling,Bore Diameter,60.0,59.95,60.05,mm,59.9898,1,0,,,Goods-in inspection,B-102-003-W18
INS-01190,2026-05-08,SUP-002,CMP-103,CNC Milling,Hub Thickness,8.0,7.97,8.03,mm,7.9972,1,0,,,Goods-in inspection,B-103-002-W18
INS-01198,2026-05-08,SUP-004,CMP-104,Cylindrical Grinding,Bore Diameter,42.0,41.975,42.025,mm,42.0055,1,0,,,Goods-in inspection,B-104-004-W18
INS-01211,2026-05-08,SUP-005,CMP-105,Cylindrical Grinding,Pitch Diameter,18.0,17.985,18.015,mm,18.0077,1,0,,,Goods-in inspection,B-105-005-W18
INS-01218,2026-05-08,SUP-004,CMP-106,CNC Milling,Oil Port Position,12.0,11.96,12.04,mm,12.0016,1,0,,,Goods-in inspection,B-106-004-W18
INS-01224,2026-05-08,SUP-003,CMP-106,CNC Milling,Oil Port Position,12.0,11.96,12.04,mm,11.9867,1,0,,,Goods-in inspection,B-106-003-W18
INS-01225,2026-05-11,SUP-001,CMP-101,CNC Turning,Journal Diameter,25.0,24.98,25.02,mm,25.0172,1,0,,,Goods-in inspection,B-101-001-W19
INS-01226,2026-05-11,SUP-001,CMP-101,CNC Turning,Journal Diameter,25.0,24.98,25.02,mm,25.0064,1,0,,,Goods-in inspection,B-101-001-W19
INS-01227,2026-05-11,SUP-001,CMP-101,CNC Turning,Journal Diameter,25.0,24.98,25.02,mm,25.0142,1,0,,,Goods-in inspection,B-101-001-W19
INS-01239,2026-05-11,SUP-002,CMP-101,CNC Turning,Journal Diameter,25.0,24.98,25.02,mm,25.0061,1,1,Surface finish,Minor,Goods-in inspection,B-101-002-W19
INS-01242,2026-05-11,SUP-003,CMP-102,CNC Milling,Bore Diameter,60.0,59.95,60.05,mm,60.0121,1,0,,,Goods-in inspection,B-102-003-W19
INS-01243,2026-05-11,SUP-003,CMP-102,CNC Milling,Bore Diameter,60.0,59.95,60.05,mm,60.0071,1,0,,,Goods-in inspection,B-102-003-W19
INS-01251,2026-05-11,SUP-002,CMP-103,CNC Milling,Hub Thickness,8.0,7.97,8.03,mm,8.0019,1,0,,,Goods-in inspection,B-103-002-W19
INS-01252,2026-05-11,SUP-002,CMP-103,CNC Milling,Hub Thickness,8.0,7.97,8.03,mm,8.0103,1,0,,,Goods-in inspection,B-103-002-W19
INS-01259,2026-05-11,SUP-004,CMP-104,Cylindrical Grinding,Bore Diameter,42.0,41.975,42.025,mm,42.0002,1,0,,,Goods-in inspection,B-104-004-W19
INS-01260,2026-05-11,SUP-004,CMP-104,Cylindrical Grinding,Bore Diameter,42.0,41.975,42.025,mm,41.9889,1,0,,,Goods-in inspection,B-104-004-W19
INS-01267,2026-05-11,SUP-001,CMP-104,Cylindrical Grinding,Bore Diameter,42.0,41.975,42.025,mm,41.9925,1,0,,,Goods-in inspection,B-104-001-W19
INS-01271,2026-05-11,SUP-005,CMP-105,Cylindrical Grinding,Pitch Diameter,18.0,17.985,18.015,mm,18.0036,1,0,,,Goods-in inspection,B-105-005-W19
INS-01272,2026-05-11,SUP-005,CMP-105,Cylindrical Grinding,Pitch Diameter,18.0,17.985,18.015,mm,17.9998,1,0,,,Goods-in inspection,B-105-005-W19
INS-01280,2026-05-11,SUP-004,CMP-106,CNC Milling,Oil Port Position,12.0,11.96,12.04,mm,12.0237,1,0,,,Goods-in inspection,B-106-004-W19
INS-01281,2026-05-11,SUP-004,CMP-106,CNC Milling,Oil Port Position,12.0,11.96,12.04,mm,12.0218,1,0,,,Goods-in inspection,B-106-004-W19
INS-01287,2026-05-11,SUP-003,CMP-106,CNC Milling,Oil Port Position,12.0,11.96,12.04,mm,12.0101,1,0,,,Goods-in inspection,B-106-003-W19
INS-01288,2026-05-11,SUP-003,CMP-106,CNC Milling,Oil Port Position,12.0,11.96,12.04,mm,11.9988,1,0,,,Goods-in inspection,B-106-003-W19
INS-01228,2026-05-12,SUP-001,CMP-101,CNC Turning,Journal Diameter,25.0,24.98,25.02,mm,25.0239,0,1,Dimensional deviation,Critical,Goods-in inspection,B-101-001-W19
INS-01229,2026-05-12,SUP-001,CMP-101,CNC Turning,Journal Diameter,25.0,24.98,25.02,mm,25.0077,1,0,,,Goods-in inspection,B-101-001-W19
INS-01230,2026-05-12,SUP-001,CMP-101,CNC Turning,Journal Diameter,25.0,24.98,25.02,mm,25.016,1,0,,,Goods-in inspection,B-101-001-W19
INS-01240,2026-05-12,SUP-002,CMP-101,CNC Turning,Journal Diameter,25.0,24.98,25.02,mm,25.0016,1,0,,,Goods-in inspection,B-101-002-W19
INS-01244,2026-05-12,SUP-003,CMP-102,CNC Milling,Bore Diameter,60.0,59.95,60.05,mm,59.986,1,0,,,Goods-in inspection,B-102-003-W19
INS-01245,2026-05-12,SUP-003,CMP-102,CNC Milling,Bore Diameter,60.0,59.95,60.05,mm,60.0131,1,0,,,Goods-in inspection,B-102-003-W19
INS-01253,2026-05-12,SUP-002,CMP-103,CNC Milling,Hub Thickness,8.0,7.97,8.03,mm,7.9928,1,0,,,Goods-in inspection,B-103-002-W19
INS-01254,2026-05-12,SUP-002,CMP-103,CNC Milling,Hub Thickness,8.0,7.97,8.03,mm,7.9979,1,1,Surface finish,Major,Goods-in inspection,B-103-002-W19
INS-01261,2026-05-12,SUP-004,CMP-104,Cylindrical Grinding,Bore Diameter,42.0,41.975,42.025,mm,42.0097,1,0,,,Goods-in inspection,B-104-004-W19
INS-01262,2026-05-12,SUP-004,CMP-104,Cylindrical Grinding,Bore Diameter,42.0,41.975,42.025,mm,42.0042,1,0,,,Goods-in inspection,B-104-004-W19
INS-01268,2026-05-12,SUP-001,CMP-104,Cylindrical Grinding,Bore Diameter,42.0,41.975,42.025,mm,42.0048,1,0,,,Goods-in inspection,B-104-001-W19
INS-01273,2026-05-12,SUP-005,CMP-105,Cylindrical Grinding,Pitch Diameter,18.0,17.985,18.015,mm,18.0015,1,0,,,Goods-in inspection,B-105-005-W19
INS-01274,2026-05-12,SUP-005,CMP-105,Cylindrical Grinding,Pitch Diameter,18.0,17.985,18.015,mm,18.0002,1,0,,,Goods-in inspection,B-105-005-W19
INS-01282,2026-05-12,SUP-004,CMP-106,CNC Milling,Oil Port Position,12.0,11.96,12.04,mm,12.0157,1,0,,,Goods-in inspection,B-106-004-W19
INS-01289,2026-05-12,SUP-003,CMP-106,CNC Milling,Oil Port Position,12.0,11.96,12.04,mm,12.0327,1,0,,,Goods-in inspection,B-106-003-W19
INS-01231,2026-05-13,SUP-001,CMP-101,CNC Turning,Journal Diameter,25.0,24.98,25.02,mm,25.0183,1,0,,,Goods-in inspection,B-101-001-W19
INS-01232,2026-05-13,SUP-001,CMP-101,CNC Turning,Journal Diameter,25.0,24.98,25.02,mm,25.0105,1,0,,,Goods-in inspection,B-101-001-W19
INS-01233,2026-05-13,SUP-001,CMP-101,CNC Turning,Journal Diameter,25.0,24.98,25.02,mm,25.0076,1,0,,,Goods-in inspection,B-101-001-W19
INS-01246,2026-05-13,SUP-003,CMP-102,CNC Milling,Bore Diameter,60.0,59.95,60.05,mm,60.0118,1,0,,,Goods-in inspection,B-102-003-W19
INS-01247,2026-05-13,SUP-003,CMP-102,CNC Milling,Bore Diameter,60.0,59.95,60.05,mm,60.0001,1,0,,,Goods-in inspection,B-102-003-W19
INS-01255,2026-05-13,SUP-002,CMP-103,CNC Milling,Hub Thickness,8.0,7.97,8.03,mm,8.003,1,0,,,Goods-in inspection,B-103-002-W19
INS-01263,2026-05-13,SUP-004,CMP-104,Cylindrical Grinding,Bore Diameter,42.0,41.975,42.025,mm,41.9951,1,0,,,Goods-in inspection,B-104-004-W19
INS-01269,2026-05-13,SUP-001,CMP-104,Cylindrical Grinding,Bore Diameter,42.0,41.975,42.025,mm,42.0108,1,0,,,Goods-in inspection,B-104-001-W19
INS-01275,2026-05-13,SUP-005,CMP-105,Cylindrical Grinding,Pitch Diameter,18.0,17.985,18.015,mm,17.9943,1,0,,,Goods-in inspection,B-105-005-W19
INS-01276,2026-05-13,SUP-005,CMP-105,Cylindrical Grinding,Pitch Diameter,18.0,17.985,18.015,mm,17.9998,1,0,,,Goods-in inspection,B-105-005-W19
INS-01283,2026-05-13,SUP-004,CMP-106,CNC Milling,Oil Port Position,12.0,11.96,12.04,mm,12.0275,1,0,,,Goods-in inspection,B-106-004-W19
INS-01284,2026-05-13,SUP-004,CMP-106,CNC Milling,Oil Port Position,12.0,11.96,12.04,mm,11.9865,1,0,,,Goods-in inspection,B-106-004-W19
INS-01290,2026-05-13,SUP-003,CMP-106,CNC Milling,Oil Port Position,12.0,11.96,12.04,mm,11.9882,1,1,Visual defect,Minor,Goods-in inspection,B-106-003-W19
INS-01234,2026-05-14,SUP-001,CMP-101,CNC Turning,Journal Diameter,25.0,24.98,25.02,mm,25.0113,1,0,,,Goods-in inspection,B-101-001-W19
INS-01235,2026-05-14,SUP-001,CMP-101,CNC Turning,Journal Diameter,25.0,24.98,25.02,mm,25.0098,1,0,,,Goods-in inspection,B-101-001-W19
INS-01236,2026-05-14,SUP-001,CMP-101,CNC Turning,Journal Diameter,25.0,24.98,25.02,mm,25.0206,0,1,Dimensional deviation,Minor,In-process inspection,B-101-001-W19
INS-01241,2026-05-14,SUP-002,CMP-101,CNC Turning,Journal Diameter,25.0,24.98,25.02,mm,24.9847,1,0,,,Goods-in inspection,B-101-002-W19
INS-01248,2026-05-14,SUP-003,CMP-102,CNC Milling,Bore Diameter,60.0,59.95,60.05,mm,60.0126,1,0,,,Goods-in inspection,B-102-003-W19
INS-01249,2026-05-14,SUP-003,CMP-102,CNC Milling,Bore Diameter,60.0,59.95,60.05,mm,59.9815,1,0,,,Goods-in inspection,B-102-003-W19
INS-01256,2026-05-14,SUP-002,CMP-103,CNC Milling,Hub Thickness,8.0,7.97,8.03,mm,7.9957,1,0,,,Goods-in inspection,B-103-002-W19
INS-01257,2026-05-14,SUP-002,CMP-103,CNC Milling,Hub Thickness,8.0,7.97,8.03,mm,8.0081,1,0,,,Goods-in inspection,B-103-002-W19
INS-01264,2026-05-14,SUP-004,CMP-104,Cylindrical Grinding,Bore Diameter,42.0,41.975,42.025,mm,42.0074,1,0,,,Goods-in inspection,B-104-004-W19
INS-01265,2026-05-14,SUP-004,CMP-104,Cylindrical Grinding,Bore Diameter,42.0,41.975,42.025,mm,41.9946,1,0,,,Goods-in inspection,B-104-004-W19
INS-01270,2026-05-14,SUP-001,CMP-104,Cylindrical Grinding,Bore Diameter,42.0,41.975,42.025,mm,42.0041,1,0,,,Goods-in inspection,B-104-001-W19
INS-01277,2026-05-14,SUP-005,CMP-105,Cylindrical Grinding,Pitch Diameter,18.0,17.985,18.015,mm,17.9889,1,0,,,Goods-in inspection,B-105-005-W19
INS-01278,2026-05-14,SUP-005,CMP-105,Cylindrical Grinding,Pitch Diameter,18.0,17.985,18.015,mm,17.9915,1,0,,,Goods-in inspection,B-105-005-W19
INS-01285,2026-05-14,SUP-004,CMP-106,CNC Milling,Oil Port Position,12.0,11.96,12.04,mm,12.0194,1,0,,,Goods-in inspection,B-106-004-W19
INS-01291,2026-05-14,SUP-003,CMP-106,CNC Milling,Oil Port Position,12.0,11.96,12.04,mm,12.0079,1,0,,,Goods-in inspection,B-106-003-W19
INS-01237,2026-05-15,SUP-001,CMP-101,CNC Turning,Journal Diameter,25.0,24.98,25.02,mm,25.0064,1,0,,,Goods-in inspection,B-101-001-W19
INS-01238,2026-05-15,SUP-001,CMP-101,CNC Turning,Journal Diameter,25.0,24.98,25.02,mm,25.0007,1,0,,,Goods-in inspection,B-101-001-W19
INS-01250,2026-05-15,SUP-003,CMP-102,CNC Milling,Bore Diameter,60.0,59.95,60.05,mm,60.004,1,0,,,Goods-in inspection,B-102-003-W19
INS-01258,2026-05-15,SUP-002,CMP-103,CNC Milling,Hub Thickness,8.0,7.97,8.03,mm,8.0,1,0,,,Goods-in inspection,B-103-002-W19
INS-01266,2026-05-15,SUP-004,CMP-104,Cylindrical Grinding,Bore Diameter,42.0,41.975,42.025,mm,42.0081,1,0,,,Goods-in inspection,B-104-004-W19
INS-01279,2026-05-15,SUP-005,CMP-105,Cylindrical Grinding,Pitch Diameter,18.0,17.985,18.015,mm,17.9928,1,0,,,Goods-in inspection,B-105-005-W19
INS-01286,2026-05-15,SUP-004,CMP-106,CNC Milling,Oil Port Position,12.0,11.96,12.04,mm,12.0036,1,0,,,Goods-in inspection,B-106-004-W19
INS-01292,2026-05-15,SUP-003,CMP-106,CNC Milling,Oil Port Position,12.0,11.96,12.04,mm,11.9974,1,0,,,Goods-in inspection,B-106-003-W19
INS-01293,2026-05-18,SUP-001,CMP-101,CNC Turning,Journal Diameter,25.0,24.98,25.02,mm,25.0076,1,0,,,Goods-in inspection,B-101-001-W20
INS-01294,2026-05-18,SUP-001,CMP-101,CNC Turning,Journal Diameter,25.0,24.98,25.02,mm,24.9963,1,0,,,Goods-in inspection,B-101-001-W20
INS-01295,2026-05-18,SUP-001,CMP-101,CNC Turning,Journal Diameter,25.0,24.98,25.02,mm,25.001,1,0,,,Goods-in inspection,B-101-001-W20
INS-01307,2026-05-18,SUP-002,CMP-101,CNC Turning,Journal Diameter,25.0,24.98,25.02,mm,25.0065,1,0,,,Goods-in inspection,B-101-002-W20
INS-01310,2026-05-18,SUP-003,CMP-102,CNC Milling,Bore Diameter,60.0,59.95,60.05,mm,60.0087,1,0,,,Goods-in inspection,B-102-003-W20
INS-01311,2026-05-18,SUP-003,CMP-102,CNC Milling,Bore Diameter,60.0,59.95,60.05,mm,60.0146,1,0,,,Goods-in inspection,B-102-003-W20
INS-01319,2026-05-18,SUP-002,CMP-103,CNC Milling,Hub Thickness,8.0,7.97,8.03,mm,7.9906,1,0,,,Goods-in inspection,B-103-002-W20
INS-01320,2026-05-18,SUP-002,CMP-103,CNC Milling,Hub Thickness,8.0,7.97,8.03,mm,8.0053,1,0,,,Goods-in inspection,B-103-002-W20
INS-01327,2026-05-18,SUP-004,CMP-104,Cylindrical Grinding,Bore Diameter,42.0,41.975,42.025,mm,42.0027,1,0,,,Goods-in inspection,B-104-004-W20
INS-01328,2026-05-18,SUP-004,CMP-104,Cylindrical Grinding,Bore Diameter,42.0,41.975,42.025,mm,42.0043,1,0,,,Goods-in inspection,B-104-004-W20
INS-01335,2026-05-18,SUP-001,CMP-104,Cylindrical Grinding,Bore Diameter,42.0,41.975,42.025,mm,42.0039,1,0,,,Goods-in inspection,B-104-001-W20
INS-01339,2026-05-18,SUP-005,CMP-105,Cylindrical Grinding,Pitch Diameter,18.0,17.985,18.015,mm,17.9962,1,0,,,Goods-in inspection,B-105-005-W20
INS-01340,2026-05-18,SUP-005,CMP-105,Cylindrical Grinding,Pitch Diameter,18.0,17.985,18.015,mm,18.0061,1,0,,,Goods-in inspection,B-105-005-W20
INS-01348,2026-05-18,SUP-004,CMP-106,CNC Milling,Oil Port Position,12.0,11.96,12.04,mm,11.9893,1,0,,,Goods-in inspection,B-106-004-W20
INS-01349,2026-05-18,SUP-004,CMP-106,CNC Milling,Oil Port Position,12.0,11.96,12.04,mm,11.9934,1,0,,,Goods-in inspection,B-106-004-W20
INS-01355,2026-05-18,SUP-003,CMP-106,CNC Milling,Oil Port Position,12.0,11.96,12.04,mm,11.9903,1,0,,,Goods-in inspection,B-106-003-W20
INS-01356,2026-05-18,SUP-003,CMP-106,CNC Milling,Oil Port Position,12.0,11.96,12.04,mm,11.9871,1,0,,,Goods-in inspection,B-106-003-W20
INS-01296,2026-05-19,SUP-001,CMP-101,CNC Turning,Journal Diameter,25.0,24.98,25.02,mm,24.9944,1,0,,,Goods-in inspection,B-101-001-W20
INS-01297,2026-05-19,SUP-001,CMP-101,CNC Turning,Journal Diameter,25.0,24.98,25.02,mm,24.9966,1,0,,,Goods-in inspection,B-101-001-W20
INS-01298,2026-05-19,SUP-001,CMP-101,CNC Turning,Journal Diameter,25.0,24.98,25.02,mm,24.9959,1,0,,,Goods-in inspection,B-101-001-W20
INS-01308,2026-05-19,SUP-002,CMP-101,CNC Turning,Journal Diameter,25.0,24.98,25.02,mm,25.0138,1,0,,,Goods-in inspection,B-101-002-W20
INS-01312,2026-05-19,SUP-003,CMP-102,CNC Milling,Bore Diameter,60.0,59.95,60.05,mm,60.0449,1,0,,,Goods-in inspection,B-102-003-W20
INS-01313,2026-05-19,SUP-003,CMP-102,CNC Milling,Bore Diameter,60.0,59.95,60.05,mm,60.0031,1,0,,,Goods-in inspection,B-102-003-W20
INS-01321,2026-05-19,SUP-002,CMP-103,CNC Milling,Hub Thickness,8.0,7.97,8.03,mm,8.0117,1,0,,,Goods-in inspection,B-103-002-W20
INS-01322,2026-05-19,SUP-002,CMP-103,CNC Milling,Hub Thickness,8.0,7.97,8.03,mm,7.9995,1,0,,,Goods-in inspection,B-103-002-W20
INS-01329,2026-05-19,SUP-004,CMP-104,Cylindrical Grinding,Bore Diameter,42.0,41.975,42.025,mm,41.9991,1,0,,,Goods-in inspection,B-104-004-W20
INS-01330,2026-05-19,SUP-004,CMP-104,Cylindrical Grinding,Bore Diameter,42.0,41.975,42.025,mm,41.9971,1,0,,,Goods-in inspection,B-104-004-W20
INS-01336,2026-05-19,SUP-001,CMP-104,Cylindrical Grinding,Bore Diameter,42.0,41.975,42.025,mm,42.0022,1,0,,,Goods-in inspection,B-104-001-W20
INS-01341,2026-05-19,SUP-005,CMP-105,Cylindrical Grinding,Pitch Diameter,18.0,17.985,18.015,mm,18.0035,1,0,,,Goods-in inspection,B-105-005-W20
INS-01342,2026-05-19,SUP-005,CMP-105,Cylindrical Grinding,Pitch Diameter,18.0,17.985,18.015,mm,17.9967,1,0,,,Goods-in inspection,B-105-005-W20
INS-01350,2026-05-19,SUP-004,CMP-106,CNC Milling,Oil Port Position,12.0,11.96,12.04,mm,12.012,1,1,Surface finish,Minor,Goods-in inspection,B-106-004-W20
INS-01357,2026-05-19,SUP-003,CMP-106,CNC Milling,Oil Port Position,12.0,11.96,12.04,mm,11.997,1,0,,,Goods-in inspection,B-106-003-W20
INS-01299,2026-05-20,SUP-001,CMP-101,CNC Turning,Journal Diameter,25.0,24.98,25.02,mm,25.0019,1,0,,,Goods-in inspection,B-101-001-W20
INS-01300,2026-05-20,SUP-001,CMP-101,CNC Turning,Journal Diameter,25.0,24.98,25.02,mm,25.0042,1,0,,,Goods-in inspection,B-101-001-W20
INS-01301,2026-05-20,SUP-001,CMP-101,CNC Turning,Journal Diameter,25.0,24.98,25.02,mm,25.0034,1,0,,,Goods-in inspection,B-101-001-W20
INS-01314,2026-05-20,SUP-003,CMP-102,CNC Milling,Bore Diameter,60.0,59.95,60.05,mm,60.0202,1,0,,,Goods-in inspection,B-102-003-W20
INS-01315,2026-05-20,SUP-003,CMP-102,CNC Milling,Bore Diameter,60.0,59.95,60.05,mm,60.0099,1,0,,,Goods-in inspection,B-102-003-W20
INS-01323,2026-05-20,SUP-002,CMP-103,CNC Milling,Hub Thickness,8.0,7.97,8.03,mm,8.0098,1,0,,,Goods-in inspection,B-103-002-W20
INS-01331,2026-05-20,SUP-004,CMP-104,Cylindrical Grinding,Bore Diameter,42.0,41.975,42.025,mm,41.9996,1,0,,,Goods-in inspection,B-104-004-W20
INS-01337,2026-05-20,SUP-001,CMP-104,Cylindrical Grinding,Bore Diameter,42.0,41.975,42.025,mm,41.9972,1,0,,,Goods-in inspection,B-104-001-W20
INS-01343,2026-05-20,SUP-005,CMP-105,Cylindrical Grinding,Pitch Diameter,18.0,17.985,18.015,mm,18.0042,1,0,,,Goods-in inspection,B-105-005-W20
INS-01344,2026-05-20,SUP-005,CMP-105,Cylindrical Grinding,Pitch Diameter,18.0,17.985,18.015,mm,17.9993,1,0,,,Goods-in inspection,B-105-005-W20
INS-01351,2026-05-20,SUP-004,CMP-106,CNC Milling,Oil Port Position,12.0,11.96,12.04,mm,12.0137,1,0,,,Goods-in inspection,B-106-004-W20
INS-01352,2026-05-20,SUP-004,CMP-106,CNC Milling,Oil Port Position,12.0,11.96,12.04,mm,12.0048,1,0,,,Goods-in inspection,B-106-004-W20
INS-01358,2026-05-20,SUP-003,CMP-106,CNC Milling,Oil Port Position,12.0,11.96,12.04,mm,11.9819,1,0,,,Goods-in inspection,B-106-003-W20
INS-01302,2026-05-21,SUP-001,CMP-101,CNC Turning,Journal Diameter,25.0,24.98,25.02,mm,25.0044,1,0,,,Goods-in inspection,B-101-001-W20
INS-01303,2026-05-21,SUP-001,CMP-101,CNC Turning,Journal Diameter,25.0,24.98,25.02,mm,25.004,1,0,,,Goods-in inspection,B-101-001-W20
INS-01304,2026-05-21,SUP-001,CMP-101,CNC Turning,Journal Diameter,25.0,24.98,25.02,mm,25.0037,1,0,,,Goods-in inspection,B-101-001-W20
INS-01309,2026-05-21,SUP-002,CMP-101,CNC Turning,Journal Diameter,25.0,24.98,25.02,mm,24.9924,1,0,,,Goods-in inspection,B-101-002-W20
INS-01316,2026-05-21,SUP-003,CMP-102,CNC Milling,Bore Diameter,60.0,59.95,60.05,mm,60.0289,1,1,Assembly interface,Major,Goods-in inspection,B-102-003-W20
INS-01317,2026-05-21,SUP-003,CMP-102,CNC Milling,Bore Diameter,60.0,59.95,60.05,mm,60.0025,1,0,,,Goods-in inspection,B-102-003-W20
INS-01324,2026-05-21,SUP-002,CMP-103,CNC Milling,Hub Thickness,8.0,7.97,8.03,mm,7.9913,1,0,,,Goods-in inspection,B-103-002-W20
INS-01325,2026-05-21,SUP-002,CMP-103,CNC Milling,Hub Thickness,8.0,7.97,8.03,mm,7.9846,1,1,Positional tolerance,Major,CMM inspection,B-103-002-W20
INS-01332,2026-05-21,SUP-004,CMP-104,Cylindrical Grinding,Bore Diameter,42.0,41.975,42.025,mm,42.0046,1,0,,,Goods-in inspection,B-104-004-W20
INS-01333,2026-05-21,SUP-004,CMP-104,Cylindrical Grinding,Bore Diameter,42.0,41.975,42.025,mm,42.002,1,0,,,Goods-in inspection,B-104-004-W20
INS-01338,2026-05-21,SUP-001,CMP-104,Cylindrical Grinding,Bore Diameter,42.0,41.975,42.025,mm,42.0025,1,0,,,Goods-in inspection,B-104-001-W20
INS-01345,2026-05-21,SUP-005,CMP-105,Cylindrical Grinding,Pitch Diameter,18.0,17.985,18.015,mm,17.9971,1,0,,,Goods-in inspection,B-105-005-W20
INS-01346,2026-05-21,SUP-005,CMP-105,Cylindrical Grinding,Pitch Diameter,18.0,17.985,18.015,mm,18.0081,1,0,,,Goods-in inspection,B-105-005-W20
INS-01353,2026-05-21,SUP-004,CMP-106,CNC Milling,Oil Port Position,12.0,11.96,12.04,mm,11.9783,1,0,,,Goods-in inspection,B-106-004-W20
INS-01359,2026-05-21,SUP-003,CMP-106,CNC Milling,Oil Port Position,12.0,11.96,12.04,mm,11.9989,1,0,,,Goods-in inspection,B-106-003-W20
INS-01305,2026-05-22,SUP-001,CMP-101,CNC Turning,Journal Diameter,25.0,24.98,25.02,mm,24.997,1,0,,,Goods-in inspection,B-101-001-W20
INS-01306,2026-05-22,SUP-001,CMP-101,CNC Turning,Journal Diameter,25.0,24.98,25.02,mm,25.0045,1,0,,,Goods-in inspection,B-101-001-W20
INS-01318,2026-05-22,SUP-003,CMP-102,CNC Milling,Bore Diameter,60.0,59.95,60.05,mm,60.0199,1,0,,,Goods-in inspection,B-102-003-W20
INS-01326,2026-05-22,SUP-002,CMP-103,CNC Milling,Hub Thickness,8.0,7.97,8.03,mm,7.9996,1,0,,,Goods-in inspection,B-103-002-W20
INS-01334,2026-05-22,SUP-004,CMP-104,Cylindrical Grinding,Bore Diameter,42.0,41.975,42.025,mm,42.0001,1,0,,,Goods-in inspection,B-104-004-W20
INS-01347,2026-05-22,SUP-005,CMP-105,Cylindrical Grinding,Pitch Diameter,18.0,17.985,18.015,mm,17.9955,1,0,,,Goods-in inspection,B-105-005-W20
INS-01354,2026-05-22,SUP-004,CMP-106,CNC Milling,Oil Port Position,12.0,11.96,12.04,mm,12.0179,1,0,,,Goods-in inspection,B-106-004-W20
INS-01360,2026-05-22,SUP-003,CMP-106,CNC Milling,Oil Port Position,12.0,11.96,12.04,mm,12.012,1,0,,,Goods-in inspection,B-106-003-W20
INS-01361,2026-05-25,SUP-001,CMP-101,CNC Turning,Journal Diameter,25.0,24.98,25.02,mm,25.002,1,0,,,Goods-in inspection,B-101-001-W21
INS-01362,2026-05-25,SUP-001,CMP-101,CNC Turning,Journal Diameter,25.0,24.98,25.02,mm,25.0018,1,0,,,Goods-in inspection,B-101-001-W21
INS-01363,2026-05-25,SUP-001,CMP-101,CNC Turning,Journal Diameter,25.0,24.98,25.02,mm,24.9999,1,0,,,Goods-in inspection,B-101-001-W21
INS-01375,2026-05-25,SUP-002,CMP-101,CNC Turning,Journal Diameter,25.0,24.98,25.02,mm,25.0021,1,0,,,Goods-in inspection,B-101-002-W21
INS-01378,2026-05-25,SUP-003,CMP-102,CNC Milling,Bore Diameter,60.0,59.95,60.05,mm,60.0009,1,0,,,Goods-in inspection,B-102-003-W21
INS-01379,2026-05-25,SUP-003,CMP-102,CNC Milling,Bore Diameter,60.0,59.95,60.05,mm,59.9895,1,0,,,Goods-in inspection,B-102-003-W21
INS-01387,2026-05-25,SUP-002,CMP-103,CNC Milling,Hub Thickness,8.0,7.97,8.03,mm,7.999,1,0,,,Goods-in inspection,B-103-002-W21
INS-01388,2026-05-25,SUP-002,CMP-103,CNC Milling,Hub Thickness,8.0,7.97,8.03,mm,7.9884,1,0,,,Goods-in inspection,B-103-002-W21
INS-01395,2026-05-25,SUP-004,CMP-104,Cylindrical Grinding,Bore Diameter,42.0,41.975,42.025,mm,41.9951,1,0,,,Goods-in inspection,B-104-004-W21
INS-01396,2026-05-25,SUP-004,CMP-104,Cylindrical Grinding,Bore Diameter,42.0,41.975,42.025,mm,42.0009,1,0,,,Goods-in inspection,B-104-004-W21
INS-01403,2026-05-25,SUP-001,CMP-104,Cylindrical Grinding,Bore Diameter,42.0,41.975,42.025,mm,41.9894,1,0,,,Goods-in inspection,B-104-001-W21
INS-01407,2026-05-25,SUP-005,CMP-105,Cylindrical Grinding,Pitch Diameter,18.0,17.985,18.015,mm,17.9961,1,0,,,Goods-in inspection,B-105-005-W21
INS-01408,2026-05-25,SUP-005,CMP-105,Cylindrical Grinding,Pitch Diameter,18.0,17.985,18.015,mm,18.0009,1,0,,,Goods-in inspection,B-105-005-W21
INS-01416,2026-05-25,SUP-004,CMP-106,CNC Milling,Oil Port Position,12.0,11.96,12.04,mm,11.9992,1,0,,,Goods-in inspection,B-106-004-W21
INS-01417,2026-05-25,SUP-004,CMP-106,CNC Milling,Oil Port Position,12.0,11.96,12.04,mm,11.9941,1,0,,,Goods-in inspection,B-106-004-W21
INS-01423,2026-05-25,SUP-003,CMP-106,CNC Milling,Oil Port Position,12.0,11.96,12.04,mm,11.9813,1,0,,,Goods-in inspection,B-106-003-W21
INS-01424,2026-05-25,SUP-003,CMP-106,CNC Milling,Oil Port Position,12.0,11.96,12.04,mm,11.9905,1,0,,,Goods-in inspection,B-106-003-W21
INS-01364,2026-05-26,SUP-001,CMP-101,CNC Turning,Journal Diameter,25.0,24.98,25.02,mm,24.9983,1,0,,,Goods-in inspection,B-101-001-W21
INS-01365,2026-05-26,SUP-001,CMP-101,CNC Turning,Journal Diameter,25.0,24.98,25.02,mm,25.0024,1,0,,,Goods-in inspection,B-101-001-W21
INS-01366,2026-05-26,SUP-001,CMP-101,CNC Turning,Journal Diameter,25.0,24.98,25.02,mm,25.0024,1,0,,,Goods-in inspection,B-101-001-W21
INS-01376,2026-05-26,SUP-002,CMP-101,CNC Turning,Journal Diameter,25.0,24.98,25.02,mm,25.0034,1,0,,,Goods-in inspection,B-101-002-W21
INS-01380,2026-05-26,SUP-003,CMP-102,CNC Milling,Bore Diameter,60.0,59.95,60.05,mm,60.027,1,0,,,Goods-in inspection,B-102-003-W21
INS-01381,2026-05-26,SUP-003,CMP-102,CNC Milling,Bore Diameter,60.0,59.95,60.05,mm,60.0194,1,0,,,Goods-in inspection,B-102-003-W21
INS-01389,2026-05-26,SUP-002,CMP-103,CNC Milling,Hub Thickness,8.0,7.97,8.03,mm,7.9947,1,0,,,Goods-in inspection,B-103-002-W21
INS-01390,2026-05-26,SUP-002,CMP-103,CNC Milling,Hub Thickness,8.0,7.97,8.03,mm,7.9961,1,0,,,Goods-in inspection,B-103-002-W21
INS-01397,2026-05-26,SUP-004,CMP-104,Cylindrical Grinding,Bore Diameter,42.0,41.975,42.025,mm,41.994,1,0,,,Goods-in inspection,B-104-004-W21
INS-01398,2026-05-26,SUP-004,CMP-104,Cylindrical Grinding,Bore Diameter,42.0,41.975,42.025,mm,41.9954,1,0,,,Goods-in inspection,B-104-004-W21
INS-01404,2026-05-26,SUP-001,CMP-104,Cylindrical Grinding,Bore Diameter,42.0,41.975,42.025,mm,42.0072,1,0,,,Goods-in inspection,B-104-001-W21
INS-01409,2026-05-26,SUP-005,CMP-105,Cylindrical Grinding,Pitch Diameter,18.0,17.985,18.015,mm,17.9918,1,0,,,Goods-in inspection,B-105-005-W21
INS-01410,2026-05-26,SUP-005,CMP-105,Cylindrical Grinding,Pitch Diameter,18.0,17.985,18.015,mm,17.9957,1,0,,,Goods-in inspection,B-105-005-W21
INS-01418,2026-05-26,SUP-004,CMP-106,CNC Milling,Oil Port Position,12.0,11.96,12.04,mm,12.0044,1,0,,,Goods-in inspection,B-106-004-W21
INS-01425,2026-05-26,SUP-003,CMP-106,CNC Milling,Oil Port Position,12.0,11.96,12.04,mm,12.0037,1,0,,,Goods-in inspection,B-106-003-W21
INS-01367,2026-05-27,SUP-001,CMP-101,CNC Turning,Journal Diameter,25.0,24.98,25.02,mm,25.0042,1,0,,,Goods-in inspection,B-101-001-W21
INS-01368,2026-05-27,SUP-001,CMP-101,CNC Turning,Journal Diameter,25.0,24.98,25.02,mm,25.0086,1,0,,,Goods-in inspection,B-101-001-W21
INS-01369,2026-05-27,SUP-001,CMP-101,CNC Turning,Journal Diameter,25.0,24.98,25.02,mm,25.0002,1,0,,,Goods-in inspection,B-101-001-W21
INS-01382,2026-05-27,SUP-003,CMP-102,CNC Milling,Bore Diameter,60.0,59.95,60.05,mm,60.0046,1,0,,,Goods-in inspection,B-102-003-W21
INS-01383,2026-05-27,SUP-003,CMP-102,CNC Milling,Bore Diameter,60.0,59.95,60.05,mm,60.0127,1,0,,,Goods-in inspection,B-102-003-W21
INS-01391,2026-05-27,SUP-002,CMP-103,CNC Milling,Hub Thickness,8.0,7.97,8.03,mm,8.0019,1,0,,,Goods-in inspection,B-103-002-W21
INS-01399,2026-05-27,SUP-004,CMP-104,Cylindrical Grinding,Bore Diameter,42.0,41.975,42.025,mm,41.9902,1,0,,,Goods-in inspection,B-104-004-W21
INS-01405,2026-05-27,SUP-001,CMP-104,Cylindrical Grinding,Bore Diameter,42.0,41.975,42.025,mm,42.0021,1,0,,,Goods-in inspection,B-104-001-W21
INS-01411,2026-05-27,SUP-005,CMP-105,Cylindrical Grinding,Pitch Diameter,18.0,17.985,18.015,mm,17.9994,1,0,,,Goods-in inspection,B-105-005-W21
INS-01412,2026-05-27,SUP-005,CMP-105,Cylindrical Grinding,Pitch Diameter,18.0,17.985,18.015,mm,17.9969,1,0,,,Goods-in inspection,B-105-005-W21
INS-01419,2026-05-27,SUP-004,CMP-106,CNC Milling,Oil Port Position,12.0,11.96,12.04,mm,11.9948,1,0,,,Goods-in inspection,B-106-004-W21
INS-01420,2026-05-27,SUP-004,CMP-106,CNC Milling,Oil Port Position,12.0,11.96,12.04,mm,12.0105,1,0,,,Goods-in inspection,B-106-004-W21
INS-01426,2026-05-27,SUP-003,CMP-106,CNC Milling,Oil Port Position,12.0,11.96,12.04,mm,11.9852,1,0,,,Goods-in inspection,B-106-003-W21
INS-01370,2026-05-28,SUP-001,CMP-101,CNC Turning,Journal Diameter,25.0,24.98,25.02,mm,25.0038,1,0,,,Goods-in inspection,B-101-001-W21
INS-01371,2026-05-28,SUP-001,CMP-101,CNC Turning,Journal Diameter,25.0,24.98,25.02,mm,24.9996,1,0,,,Goods-in inspection,B-101-001-W21
INS-01372,2026-05-28,SUP-001,CMP-101,CNC Turning,Journal Diameter,25.0,24.98,25.02,mm,25.0019,1,0,,,Goods-in inspection,B-101-001-W21
INS-01377,2026-05-28,SUP-002,CMP-101,CNC Turning,Journal Diameter,25.0,24.98,25.02,mm,24.9983,1,0,,,Goods-in inspection,B-101-002-W21
INS-01384,2026-05-28,SUP-003,CMP-102,CNC Milling,Bore Diameter,60.0,59.95,60.05,mm,59.971,1,0,,,Goods-in inspection,B-102-003-W21
INS-01385,2026-05-28,SUP-003,CMP-102,CNC Milling,Bore Diameter,60.0,59.95,60.05,mm,60.01,1,1,Burr,Minor,Final inspection,B-102-003-W21
INS-01392,2026-05-28,SUP-002,CMP-103,CNC Milling,Hub Thickness,8.0,7.97,8.03,mm,7.9929,1,0,,,Goods-in inspection,B-103-002-W21
INS-01393,2026-05-28,SUP-002,CMP-103,CNC Milling,Hub Thickness,8.0,7.97,8.03,mm,7.9929,1,0,,,Goods-in inspection,B-103-002-W21
INS-01400,2026-05-28,SUP-004,CMP-104,Cylindrical Grinding,Bore Diameter,42.0,41.975,42.025,mm,41.9962,1,0,,,Goods-in inspection,B-104-004-W21
INS-01401,2026-05-28,SUP-004,CMP-104,Cylindrical Grinding,Bore Diameter,42.0,41.975,42.025,mm,41.9807,1,0,,,Goods-in inspection,B-104-004-W21
INS-01406,2026-05-28,SUP-001,CMP-104,Cylindrical Grinding,Bore Diameter,42.0,41.975,42.025,mm,41.9982,1,1,Material issue,Major,Goods-in inspection,B-104-001-W21
INS-01413,2026-05-28,SUP-005,CMP-105,Cylindrical Grinding,Pitch Diameter,18.0,17.985,18.015,mm,18.0033,1,0,,,Goods-in inspection,B-105-005-W21
INS-01414,2026-05-28,SUP-005,CMP-105,Cylindrical Grinding,Pitch Diameter,18.0,17.985,18.015,mm,17.9975,1,0,,,Goods-in inspection,B-105-005-W21
INS-01421,2026-05-28,SUP-004,CMP-106,CNC Milling,Oil Port Position,12.0,11.96,12.04,mm,12.0003,1,0,,,Goods-in inspection,B-106-004-W21
INS-01427,2026-05-28,SUP-003,CMP-106,CNC Milling,Oil Port Position,12.0,11.96,12.04,mm,12.0175,1,0,,,Goods-in inspection,B-106-003-W21
INS-01373,2026-05-29,SUP-001,CMP-101,CNC Turning,Journal Diameter,25.0,24.98,25.02,mm,24.9992,1,0,,,Goods-in inspection,B-101-001-W21
INS-01374,2026-05-29,SUP-001,CMP-101,CNC Turning,Journal Diameter,25.0,24.98,25.02,mm,25.0043,1,0,,,Goods-in inspection,B-101-001-W21
INS-01386,2026-05-29,SUP-003,CMP-102,CNC Milling,Bore Diameter,60.0,59.95,60.05,mm,60.011,1,0,,,Goods-in inspection,B-102-003-W21
INS-01394,2026-05-29,SUP-002,CMP-103,CNC Milling,Hub Thickness,8.0,7.97,8.03,mm,7.9966,1,0,,,Goods-in inspection,B-103-002-W21
INS-01402,2026-05-29,SUP-004,CMP-104,Cylindrical Grinding,Bore Diameter,42.0,41.975,42.025,mm,41.9946,1,0,,,Goods-in inspection,B-104-004-W21
INS-01415,2026-05-29,SUP-005,CMP-105,Cylindrical Grinding,Pitch Diameter,18.0,17.985,18.015,mm,18.0086,1,0,,,Goods-in inspection,B-105-005-W21
INS-01422,2026-05-29,SUP-004,CMP-106,CNC Milling,Oil Port Position,12.0,11.96,12.04,mm,12.016,1,0,,,Goods-in inspection,B-106-004-W21
INS-01428,2026-05-29,SUP-003,CMP-106,CNC Milling,Oil Port Position,12.0,11.96,12.04,mm,11.9933,1,0,,,Goods-in inspection,B-106-003-W21
INS-01429,2026-06-01,SUP-001,CMP-101,CNC Turning,Journal Diameter,25.0,24.98,25.02,mm,25.007,1,0,,,Goods-in inspection,B-101-001-W22
INS-01430,2026-06-01,SUP-001,CMP-101,CNC Turning,Journal Diameter,25.0,24.98,25.02,mm,25.006,1,0,,,Goods-in inspection,B-101-001-W22
INS-01431,2026-06-01,SUP-001,CMP-101,CNC Turning,Journal Diameter,25.0,24.98,25.02,mm,25.0052,1,0,,,Goods-in inspection,B-101-001-W22
INS-01443,2026-06-01,SUP-002,CMP-101,CNC Turning,Journal Diameter,25.0,24.98,25.02,mm,24.9958,1,0,,,Goods-in inspection,B-101-002-W22
INS-01446,2026-06-01,SUP-003,CMP-102,CNC Milling,Bore Diameter,60.0,59.95,60.05,mm,60.0219,1,0,,,Goods-in inspection,B-102-003-W22
INS-01447,2026-06-01,SUP-003,CMP-102,CNC Milling,Bore Diameter,60.0,59.95,60.05,mm,59.9862,1,0,,,Goods-in inspection,B-102-003-W22
INS-01455,2026-06-01,SUP-002,CMP-103,CNC Milling,Hub Thickness,8.0,7.97,8.03,mm,7.9926,1,0,,,Goods-in inspection,B-103-002-W22
INS-01456,2026-06-01,SUP-002,CMP-103,CNC Milling,Hub Thickness,8.0,7.97,8.03,mm,7.9993,1,0,,,Goods-in inspection,B-103-002-W22
INS-01463,2026-06-01,SUP-004,CMP-104,Cylindrical Grinding,Bore Diameter,42.0,41.975,42.025,mm,42.0006,1,0,,,Goods-in inspection,B-104-004-W22
INS-01464,2026-06-01,SUP-004,CMP-104,Cylindrical Grinding,Bore Diameter,42.0,41.975,42.025,mm,42.0008,1,0,,,Goods-in inspection,B-104-004-W22
INS-01471,2026-06-01,SUP-001,CMP-104,Cylindrical Grinding,Bore Diameter,42.0,41.975,42.025,mm,42.0046,1,0,,,Goods-in inspection,B-104-001-W22
INS-01475,2026-06-01,SUP-005,CMP-105,Cylindrical Grinding,Pitch Diameter,18.0,17.985,18.015,mm,18.0002,1,0,,,Goods-in inspection,B-105-005-W22
INS-01476,2026-06-01,SUP-005,CMP-105,Cylindrical Grinding,Pitch Diameter,18.0,17.985,18.015,mm,17.9938,1,0,,,Goods-in inspection,B-105-005-W22
INS-01484,2026-06-01,SUP-004,CMP-106,CNC Milling,Oil Port Position,12.0,11.96,12.04,mm,12.0014,1,0,,,Goods-in inspection,B-106-004-W22
INS-01485,2026-06-01,SUP-004,CMP-106,CNC Milling,Oil Port Position,12.0,11.96,12.04,mm,12.0069,1,0,,,Goods-in inspection,B-106-004-W22
INS-01491,2026-06-01,SUP-003,CMP-106,CNC Milling,Oil Port Position,12.0,11.96,12.04,mm,12.0153,1,0,,,Goods-in inspection,B-106-003-W22
INS-01492,2026-06-01,SUP-003,CMP-106,CNC Milling,Oil Port Position,12.0,11.96,12.04,mm,12.0013,1,0,,,Goods-in inspection,B-106-003-W22
INS-01432,2026-06-02,SUP-001,CMP-101,CNC Turning,Journal Diameter,25.0,24.98,25.02,mm,24.9982,1,0,,,Goods-in inspection,B-101-001-W22
INS-01433,2026-06-02,SUP-001,CMP-101,CNC Turning,Journal Diameter,25.0,24.98,25.02,mm,25.0122,1,0,,,Goods-in inspection,B-101-001-W22
INS-01434,2026-06-02,SUP-001,CMP-101,CNC Turning,Journal Diameter,25.0,24.98,25.02,mm,25.0059,1,0,,,Goods-in inspection,B-101-001-W22
INS-01444,2026-06-02,SUP-002,CMP-101,CNC Turning,Journal Diameter,25.0,24.98,25.02,mm,25.0164,1,0,,,Goods-in inspection,B-101-002-W22
INS-01448,2026-06-02,SUP-003,CMP-102,CNC Milling,Bore Diameter,60.0,59.95,60.05,mm,59.9903,1,0,,,Goods-in inspection,B-102-003-W22
INS-01449,2026-06-02,SUP-003,CMP-102,CNC Milling,Bore Diameter,60.0,59.95,60.05,mm,60.0052,1,0,,,Goods-in inspection,B-102-003-W22
INS-01457,2026-06-02,SUP-002,CMP-103,CNC Milling,Hub Thickness,8.0,7.97,8.03,mm,8.006,1,0,,,Goods-in inspection,B-103-002-W22
INS-01458,2026-06-02,SUP-002,CMP-103,CNC Milling,Hub Thickness,8.0,7.97,8.03,mm,7.9894,1,0,,,Goods-in inspection,B-103-002-W22
INS-01465,2026-06-02,SUP-004,CMP-104,Cylindrical Grinding,Bore Diameter,42.0,41.975,42.025,mm,41.9884,1,0,,,Goods-in inspection,B-104-004-W22
INS-01466,2026-06-02,SUP-004,CMP-104,Cylindrical Grinding,Bore Diameter,42.0,41.975,42.025,mm,42.0057,1,0,,,Goods-in inspection,B-104-004-W22
INS-01472,2026-06-02,SUP-001,CMP-104,Cylindrical Grinding,Bore Diameter,42.0,41.975,42.025,mm,42.0041,1,0,,,Goods-in inspection,B-104-001-W22
INS-01477,2026-06-02,SUP-005,CMP-105,Cylindrical Grinding,Pitch Diameter,18.0,17.985,18.015,mm,17.9999,1,0,,,Goods-in inspection,B-105-005-W22
INS-01478,2026-06-02,SUP-005,CMP-105,Cylindrical Grinding,Pitch Diameter,18.0,17.985,18.015,mm,18.0017,1,0,,,Goods-in inspection,B-105-005-W22
INS-01486,2026-06-02,SUP-004,CMP-106,CNC Milling,Oil Port Position,12.0,11.96,12.04,mm,11.9803,1,0,,,Goods-in inspection,B-106-004-W22
INS-01493,2026-06-02,SUP-003,CMP-106,CNC Milling,Oil Port Position,12.0,11.96,12.04,mm,11.9853,1,0,,,Goods-in inspection,B-106-003-W22
INS-01435,2026-06-03,SUP-001,CMP-101,CNC Turning,Journal Diameter,25.0,24.98,25.02,mm,24.9951,1,0,,,Goods-in inspection,B-101-001-W22
INS-01436,2026-06-03,SUP-001,CMP-101,CNC Turning,Journal Diameter,25.0,24.98,25.02,mm,24.9973,1,0,,,Goods-in inspection,B-101-001-W22
INS-01437,2026-06-03,SUP-001,CMP-101,CNC Turning,Journal Diameter,25.0,24.98,25.02,mm,25.0098,1,0,,,Goods-in inspection,B-101-001-W22
INS-01450,2026-06-03,SUP-003,CMP-102,CNC Milling,Bore Diameter,60.0,59.95,60.05,mm,59.9904,1,0,,,Goods-in inspection,B-102-003-W22
INS-01451,2026-06-03,SUP-003,CMP-102,CNC Milling,Bore Diameter,60.0,59.95,60.05,mm,59.9895,1,0,,,Goods-in inspection,B-102-003-W22
INS-01459,2026-06-03,SUP-002,CMP-103,CNC Milling,Hub Thickness,8.0,7.97,8.03,mm,8.0067,1,0,,,Goods-in inspection,B-103-002-W22
INS-01467,2026-06-03,SUP-004,CMP-104,Cylindrical Grinding,Bore Diameter,42.0,41.975,42.025,mm,42.0129,1,0,,,Goods-in inspection,B-104-004-W22
INS-01473,2026-06-03,SUP-001,CMP-104,Cylindrical Grinding,Bore Diameter,42.0,41.975,42.025,mm,42.0043,1,0,,,Goods-in inspection,B-104-001-W22
INS-01479,2026-06-03,SUP-005,CMP-105,Cylindrical Grinding,Pitch Diameter,18.0,17.985,18.015,mm,18.0058,1,0,,,Goods-in inspection,B-105-005-W22
INS-01480,2026-06-03,SUP-005,CMP-105,Cylindrical Grinding,Pitch Diameter,18.0,17.985,18.015,mm,18.0071,1,0,,,Goods-in inspection,B-105-005-W22
INS-01487,2026-06-03,SUP-004,CMP-106,CNC Milling,Oil Port Position,12.0,11.96,12.04,mm,12.0071,1,0,,,Goods-in inspection,B-106-004-W22
INS-01488,2026-06-03,SUP-004,CMP-106,CNC Milling,Oil Port Position,12.0,11.96,12.04,mm,11.982,1,1,Burr,Minor,Goods-in inspection,B-106-004-W22
INS-01494,2026-06-03,SUP-003,CMP-106,CNC Milling,Oil Port Position,12.0,11.96,12.04,mm,12.0073,1,0,,,Goods-in inspection,B-106-003-W22
INS-01438,2026-06-04,SUP-001,CMP-101,CNC Turning,Journal Diameter,25.0,24.98,25.02,mm,25.0031,1,0,,,Goods-in inspection,B-101-001-W22
INS-01439,2026-06-04,SUP-001,CMP-101,CNC Turning,Journal Diameter,25.0,24.98,25.02,mm,25.0029,1,0,,,Goods-in inspection,B-101-001-W22
INS-01440,2026-06-04,SUP-001,CMP-101,CNC Turning,Journal Diameter,25.0,24.98,25.02,mm,25.0024,1,0,,,Goods-in inspection,B-101-001-W22
INS-01445,2026-06-04,SUP-002,CMP-101,CNC Turning,Journal Diameter,25.0,24.98,25.02,mm,24.9948,1,0,,,Goods-in inspection,B-101-002-W22
INS-01452,2026-06-04,SUP-003,CMP-102,CNC Milling,Bore Diameter,60.0,59.95,60.05,mm,59.9947,1,0,,,Goods-in inspection,B-102-003-W22
INS-01453,2026-06-04,SUP-003,CMP-102,CNC Milling,Bore Diameter,60.0,59.95,60.05,mm,60.0065,1,1,Material issue,Major,Goods-in inspection,B-102-003-W22
INS-01460,2026-06-04,SUP-002,CMP-103,CNC Milling,Hub Thickness,8.0,7.97,8.03,mm,8.0017,1,0,,,Goods-in inspection,B-103-002-W22
INS-01461,2026-06-04,SUP-002,CMP-103,CNC Milling,Hub Thickness,8.0,7.97,8.03,mm,8.0026,1,0,,,Goods-in inspection,B-103-002-W22
INS-01468,2026-06-04,SUP-004,CMP-104,Cylindrical Grinding,Bore Diameter,42.0,41.975,42.025,mm,42.0041,1,0,,,Goods-in inspection,B-104-004-W22
INS-01469,2026-06-04,SUP-004,CMP-104,Cylindrical Grinding,Bore Diameter,42.0,41.975,42.025,mm,42.0122,1,0,,,Goods-in inspection,B-104-004-W22
INS-01474,2026-06-04,SUP-001,CMP-104,Cylindrical Grinding,Bore Diameter,42.0,41.975,42.025,mm,42.0003,1,0,,,Goods-in inspection,B-104-001-W22
INS-01481,2026-06-04,SUP-005,CMP-105,Cylindrical Grinding,Pitch Diameter,18.0,17.985,18.015,mm,18.0053,1,0,,,Goods-in inspection,B-105-005-W22
INS-01482,2026-06-04,SUP-005,CMP-105,Cylindrical Grinding,Pitch Diameter,18.0,17.985,18.015,mm,17.9989,1,0,,,Goods-in inspection,B-105-005-W22
INS-01489,2026-06-04,SUP-004,CMP-106,CNC Milling,Oil Port Position,12.0,11.96,12.04,mm,11.9911,1,0,,,Goods-in inspection,B-106-004-W22
INS-01495,2026-06-04,SUP-003,CMP-106,CNC Milling,Oil Port Position,12.0,11.96,12.04,mm,12.0035,1,0,,,Goods-in inspection,B-106-003-W22
INS-01441,2026-06-05,SUP-001,CMP-101,CNC Turning,Journal Diameter,25.0,24.98,25.02,mm,25.0081,1,0,,,Goods-in inspection,B-101-001-W22
INS-01442,2026-06-05,SUP-001,CMP-101,CNC Turning,Journal Diameter,25.0,24.98,25.02,mm,25.0071,1,0,,,Goods-in inspection,B-101-001-W22
INS-01454,2026-06-05,SUP-003,CMP-102,CNC Milling,Bore Diameter,60.0,59.95,60.05,mm,60.0213,1,0,,,Goods-in inspection,B-102-003-W22
INS-01462,2026-06-05,SUP-002,CMP-103,CNC Milling,Hub Thickness,8.0,7.97,8.03,mm,8.0013,1,0,,,Goods-in inspection,B-103-002-W22
INS-01470,2026-06-05,SUP-004,CMP-104,Cylindrical Grinding,Bore Diameter,42.0,41.975,42.025,mm,41.9915,1,0,,,Goods-in inspection,B-104-004-W22
INS-01483,2026-06-05,SUP-005,CMP-105,Cylindrical Grinding,Pitch Diameter,18.0,17.985,18.015,mm,18.0041,1,0,,,Goods-in inspection,B-105-005-W22
INS-01490,2026-06-05,SUP-004,CMP-106,CNC Milling,Oil Port Position,12.0,11.96,12.04,mm,12.0061,1,0,,,Goods-in inspection,B-106-004-W22
INS-01496,2026-06-05,SUP-003,CMP-106,CNC Milling,Oil Port Position,12.0,11.96,12.04,mm,12.0058,1,0,,,Goods-in inspection,B-106-003-W22
INS-01497,2026-06-08,SUP-001,CMP-101,CNC Turning,Journal Diameter,25.0,24.98,25.02,mm,25.0054,1,0,,,Goods-in inspection,B-101-001-W23
INS-01498,2026-06-08,SUP-001,CMP-101,CNC Turning,Journal Diameter,25.0,24.98,25.02,mm,24.9888,1,0,,,Goods-in inspection,B-101-001-W23
INS-01499,2026-06-08,SUP-001,CMP-101,CNC Turning,Journal Diameter,25.0,24.98,25.02,mm,25.0001,1,0,,,Goods-in inspection,B-101-001-W23
INS-01511,2026-06-08,SUP-002,CMP-101,CNC Turning,Journal Diameter,25.0,24.98,25.02,mm,24.9999,1,0,,,Goods-in inspection,B-101-002-W23
INS-01514,2026-06-08,SUP-003,CMP-102,CNC Milling,Bore Diameter,60.0,59.95,60.05,mm,60.0174,1,0,,,Goods-in inspection,B-102-003-W23
INS-01515,2026-06-08,SUP-003,CMP-102,CNC Milling,Bore Diameter,60.0,59.95,60.05,mm,59.9916,1,0,,,Goods-in inspection,B-102-003-W23
INS-01523,2026-06-08,SUP-002,CMP-103,CNC Milling,Hub Thickness,8.0,7.97,8.03,mm,7.9958,1,0,,,Goods-in inspection,B-103-002-W23
INS-01524,2026-06-08,SUP-002,CMP-103,CNC Milling,Hub Thickness,8.0,7.97,8.03,mm,7.9921,1,0,,,Goods-in inspection,B-103-002-W23
INS-01531,2026-06-08,SUP-004,CMP-104,Cylindrical Grinding,Bore Diameter,42.0,41.975,42.025,mm,41.997,1,0,,,Goods-in inspection,B-104-004-W23
INS-01532,2026-06-08,SUP-004,CMP-104,Cylindrical Grinding,Bore Diameter,42.0,41.975,42.025,mm,42.0068,1,0,,,Goods-in inspection,B-104-004-W23
INS-01539,2026-06-08,SUP-001,CMP-104,Cylindrical Grinding,Bore Diameter,42.0,41.975,42.025,mm,41.9972,1,0,,,Goods-in inspection,B-104-001-W23
INS-01543,2026-06-08,SUP-005,CMP-105,Cylindrical Grinding,Pitch Diameter,18.0,17.985,18.015,mm,17.996,1,0,,,Goods-in inspection,B-105-005-W23
INS-01544,2026-06-08,SUP-005,CMP-105,Cylindrical Grinding,Pitch Diameter,18.0,17.985,18.015,mm,18.0014,1,0,,,Goods-in inspection,B-105-005-W23
INS-01552,2026-06-08,SUP-004,CMP-106,CNC Milling,Oil Port Position,12.0,11.96,12.04,mm,12.004,1,0,,,Goods-in inspection,B-106-004-W23
INS-01553,2026-06-08,SUP-004,CMP-106,CNC Milling,Oil Port Position,12.0,11.96,12.04,mm,12.0112,1,0,,,Goods-in inspection,B-106-004-W23
INS-01559,2026-06-08,SUP-003,CMP-106,CNC Milling,Oil Port Position,12.0,11.96,12.04,mm,12.0135,1,0,,,Goods-in inspection,B-106-003-W23
INS-01560,2026-06-08,SUP-003,CMP-106,CNC Milling,Oil Port Position,12.0,11.96,12.04,mm,11.9907,1,0,,,Goods-in inspection,B-106-003-W23
INS-01500,2026-06-09,SUP-001,CMP-101,CNC Turning,Journal Diameter,25.0,24.98,25.02,mm,24.9979,1,0,,,Goods-in inspection,B-101-001-W23
INS-01501,2026-06-09,SUP-001,CMP-101,CNC Turning,Journal Diameter,25.0,24.98,25.02,mm,25.0,1,0,,,Goods-in inspection,B-101-001-W23
INS-01502,2026-06-09,SUP-001,CMP-101,CNC Turning,Journal Diameter,25.0,24.98,25.02,mm,25.0039,1,0,,,Goods-in inspection,B-101-001-W23
INS-01512,2026-06-09,SUP-002,CMP-101,CNC Turning,Journal Diameter,25.0,24.98,25.02,mm,25.0035,1,0,,,Goods-in inspection,B-101-002-W23
INS-01516,2026-06-09,SUP-003,CMP-102,CNC Milling,Bore Diameter,60.0,59.95,60.05,mm,60.0074,1,0,,,Goods-in inspection,B-102-003-W23
INS-01517,2026-06-09,SUP-003,CMP-102,CNC Milling,Bore Diameter,60.0,59.95,60.05,mm,59.9902,1,0,,,Goods-in inspection,B-102-003-W23
INS-01525,2026-06-09,SUP-002,CMP-103,CNC Milling,Hub Thickness,8.0,7.97,8.03,mm,7.986,1,0,,,Goods-in inspection,B-103-002-W23
INS-01526,2026-06-09,SUP-002,CMP-103,CNC Milling,Hub Thickness,8.0,7.97,8.03,mm,8.0054,1,0,,,Goods-in inspection,B-103-002-W23
INS-01533,2026-06-09,SUP-004,CMP-104,Cylindrical Grinding,Bore Diameter,42.0,41.975,42.025,mm,41.9968,1,0,,,Goods-in inspection,B-104-004-W23
INS-01534,2026-06-09,SUP-004,CMP-104,Cylindrical Grinding,Bore Diameter,42.0,41.975,42.025,mm,41.9972,1,0,,,Goods-in inspection,B-104-004-W23
INS-01540,2026-06-09,SUP-001,CMP-104,Cylindrical Grinding,Bore Diameter,42.0,41.975,42.025,mm,41.9986,1,0,,,Goods-in inspection,B-104-001-W23
INS-01545,2026-06-09,SUP-005,CMP-105,Cylindrical Grinding,Pitch Diameter,18.0,17.985,18.015,mm,17.9948,1,0,,,Goods-in inspection,B-105-005-W23
INS-01546,2026-06-09,SUP-005,CMP-105,Cylindrical Grinding,Pitch Diameter,18.0,17.985,18.015,mm,17.9993,1,0,,,Goods-in inspection,B-105-005-W23
INS-01554,2026-06-09,SUP-004,CMP-106,CNC Milling,Oil Port Position,12.0,11.96,12.04,mm,12.0135,1,0,,,Goods-in inspection,B-106-004-W23
INS-01561,2026-06-09,SUP-003,CMP-106,CNC Milling,Oil Port Position,12.0,11.96,12.04,mm,11.9786,1,1,Material issue,Major,In-process inspection,B-106-003-W23
INS-01503,2026-06-10,SUP-001,CMP-101,CNC Turning,Journal Diameter,25.0,24.98,25.02,mm,24.9995,1,0,,,Goods-in inspection,B-101-001-W23
INS-01504,2026-06-10,SUP-001,CMP-101,CNC Turning,Journal Diameter,25.0,24.98,25.02,mm,25.0002,1,0,,,Goods-in inspection,B-101-001-W23
INS-01505,2026-06-10,SUP-001,CMP-101,CNC Turning,Journal Diameter,25.0,24.98,25.02,mm,25.0005,1,0,,,Goods-in inspection,B-101-001-W23
INS-01518,2026-06-10,SUP-003,CMP-102,CNC Milling,Bore Diameter,60.0,59.95,60.05,mm,59.9872,1,1,Visual defect,Minor,Goods-in inspection,B-102-003-W23
INS-01519,2026-06-10,SUP-003,CMP-102,CNC Milling,Bore Diameter,60.0,59.95,60.05,mm,60.011,1,0,,,Goods-in inspection,B-102-003-W23
INS-01527,2026-06-10,SUP-002,CMP-103,CNC Milling,Hub Thickness,8.0,7.97,8.03,mm,8.0041,1,0,,,Goods-in inspection,B-103-002-W23
INS-01535,2026-06-10,SUP-004,CMP-104,Cylindrical Grinding,Bore Diameter,42.0,41.975,42.025,mm,41.9982,1,0,,,Goods-in inspection,B-104-004-W23
INS-01541,2026-06-10,SUP-001,CMP-104,Cylindrical Grinding,Bore Diameter,42.0,41.975,42.025,mm,42.0051,1,0,,,Goods-in inspection,B-104-001-W23
INS-01547,2026-06-10,SUP-005,CMP-105,Cylindrical Grinding,Pitch Diameter,18.0,17.985,18.015,mm,17.9973,1,0,,,Goods-in inspection,B-105-005-W23
INS-01548,2026-06-10,SUP-005,CMP-105,Cylindrical Grinding,Pitch Diameter,18.0,17.985,18.015,mm,18.0023,1,0,,,Goods-in inspection,B-105-005-W23
INS-01555,2026-06-10,SUP-004,CMP-106,CNC Milling,Oil Port Position,12.0,11.96,12.04,mm,11.9948,1,0,,,Goods-in inspection,B-106-004-W23
INS-01556,2026-06-10,SUP-004,CMP-106,CNC Milling,Oil Port Position,12.0,11.96,12.04,mm,12.0111,1,0,,,Goods-in inspection,B-106-004-W23
INS-01562,2026-06-10,SUP-003,CMP-106,CNC Milling,Oil Port Position,12.0,11.96,12.04,mm,11.9892,1,0,,,Goods-in inspection,B-106-003-W23
INS-01506,2026-06-11,SUP-001,CMP-101,CNC Turning,Journal Diameter,25.0,24.98,25.02,mm,25.002,1,0,,,Goods-in inspection,B-101-001-W23
INS-01507,2026-06-11,SUP-001,CMP-101,CNC Turning,Journal Diameter,25.0,24.98,25.02,mm,25.0016,1,0,,,Goods-in inspection,B-101-001-W23
INS-01508,2026-06-11,SUP-001,CMP-101,CNC Turning,Journal Diameter,25.0,24.98,25.02,mm,25.0042,1,0,,,Goods-in inspection,B-101-001-W23
INS-01513,2026-06-11,SUP-002,CMP-101,CNC Turning,Journal Diameter,25.0,24.98,25.02,mm,25.0086,1,0,,,Goods-in inspection,B-101-002-W23
INS-01520,2026-06-11,SUP-003,CMP-102,CNC Milling,Bore Diameter,60.0,59.95,60.05,mm,59.9874,1,1,Visual defect,Minor,Final inspection,B-102-003-W23
INS-01521,2026-06-11,SUP-003,CMP-102,CNC Milling,Bore Diameter,60.0,59.95,60.05,mm,60.0244,1,0,,,Goods-in inspection,B-102-003-W23
INS-01528,2026-06-11,SUP-002,CMP-103,CNC Milling,Hub Thickness,8.0,7.97,8.03,mm,8.0014,1,0,,,Goods-in inspection,B-103-002-W23
INS-01529,2026-06-11,SUP-002,CMP-103,CNC Milling,Hub Thickness,8.0,7.97,8.03,mm,7.9937,1,0,,,Goods-in inspection,B-103-002-W23
INS-01536,2026-06-11,SUP-004,CMP-104,Cylindrical Grinding,Bore Diameter,42.0,41.975,42.025,mm,42.0056,1,0,,,Goods-in inspection,B-104-004-W23
INS-01537,2026-06-11,SUP-004,CMP-104,Cylindrical Grinding,Bore Diameter,42.0,41.975,42.025,mm,42.0019,1,0,,,Goods-in inspection,B-104-004-W23
INS-01542,2026-06-11,SUP-001,CMP-104,Cylindrical Grinding,Bore Diameter,42.0,41.975,42.025,mm,42.0052,1,0,,,Goods-in inspection,B-104-001-W23
INS-01549,2026-06-11,SUP-005,CMP-105,Cylindrical Grinding,Pitch Diameter,18.0,17.985,18.015,mm,17.9973,1,0,,,Goods-in inspection,B-105-005-W23
INS-01550,2026-06-11,SUP-005,CMP-105,Cylindrical Grinding,Pitch Diameter,18.0,17.985,18.015,mm,17.9993,1,0,,,Goods-in inspection,B-105-005-W23
INS-01557,2026-06-11,SUP-004,CMP-106,CNC Milling,Oil Port Position,12.0,11.96,12.04,mm,11.9855,1,0,,,Goods-in inspection,B-106-004-W23
INS-01563,2026-06-11,SUP-003,CMP-106,CNC Milling,Oil Port Position,12.0,11.96,12.04,mm,11.9829,1,0,,,Goods-in inspection,B-106-003-W23
INS-01509,2026-06-12,SUP-001,CMP-101,CNC Turning,Journal Diameter,25.0,24.98,25.02,mm,25.0025,1,0,,,Goods-in inspection,B-101-001-W23
INS-01510,2026-06-12,SUP-001,CMP-101,CNC Turning,Journal Diameter,25.0,24.98,25.02,mm,25.001,1,0,,,Goods-in inspection,B-101-001-W23
INS-01522,2026-06-12,SUP-003,CMP-102,CNC Milling,Bore Diameter,60.0,59.95,60.05,mm,60.0038,1,0,,,Goods-in inspection,B-102-003-W23
INS-01530,2026-06-12,SUP-002,CMP-103,CNC Milling,Hub Thickness,8.0,7.97,8.03,mm,8.0115,1,0,,,Goods-in inspection,B-103-002-W23
INS-01538,2026-06-12,SUP-004,CMP-104,Cylindrical Grinding,Bore Diameter,42.0,41.975,42.025,mm,41.9939,1,0,,,Goods-in inspection,B-104-004-W23
INS-01551,2026-06-12,SUP-005,CMP-105,Cylindrical Grinding,Pitch Diameter,18.0,17.985,18.015,mm,17.993,1,0,,,Goods-in inspection,B-105-005-W23
INS-01558,2026-06-12,SUP-004,CMP-106,CNC Milling,Oil Port Position,12.0,11.96,12.04,mm,11.9933,1,0,,,Goods-in inspection,B-106-004-W23
INS-01564,2026-06-12,SUP-003,CMP-106,CNC Milling,Oil Port Position,12.0,11.96,12.04,mm,12.0123,1,0,,,Goods-in inspection,B-106-003-W23
INS-01565,2026-06-15,SUP-001,CMP-101,CNC Turning,Journal Diameter,25.0,24.98,25.02,mm,25.0116,1,0,,,Goods-in inspection,B-101-001-W24
INS-01566,2026-06-15,SUP-001,CMP-101,CNC Turning,Journal Diameter,25.0,24.98,25.02,mm,25.0064,1,0,,,Goods-in inspection,B-101-001-W24
INS-01567,2026-06-15,SUP-001,CMP-101,CNC Turning,Journal Diameter,25.0,24.98,25.02,mm,24.9983,1,0,,,Goods-in inspection,B-101-001-W24
INS-01579,2026-06-15,SUP-002,CMP-101,CNC Turning,Journal Diameter,25.0,24.98,25.02,mm,25.0011,1,0,,,Goods-in inspection,B-101-002-W24
INS-01582,2026-06-15,SUP-003,CMP-102,CNC Milling,Bore Diameter,60.0,59.95,60.05,mm,59.9987,1,0,,,Goods-in inspection,B-102-003-W24
INS-01583,2026-06-15,SUP-003,CMP-102,CNC Milling,Bore Diameter,60.0,59.95,60.05,mm,59.9877,1,0,,,Goods-in inspection,B-102-003-W24
INS-01591,2026-06-15,SUP-002,CMP-103,CNC Milling,Hub Thickness,8.0,7.97,8.03,mm,8.0094,1,0,,,Goods-in inspection,B-103-002-W24
INS-01592,2026-06-15,SUP-002,CMP-103,CNC Milling,Hub Thickness,8.0,7.97,8.03,mm,8.0005,1,0,,,Goods-in inspection,B-103-002-W24
INS-01599,2026-06-15,SUP-004,CMP-104,Cylindrical Grinding,Bore Diameter,42.0,41.975,42.025,mm,41.9973,1,0,,,Goods-in inspection,B-104-004-W24
INS-01600,2026-06-15,SUP-004,CMP-104,Cylindrical Grinding,Bore Diameter,42.0,41.975,42.025,mm,41.9945,1,0,,,Goods-in inspection,B-104-004-W24
INS-01607,2026-06-15,SUP-001,CMP-104,Cylindrical Grinding,Bore Diameter,42.0,41.975,42.025,mm,41.9942,1,0,,,Goods-in inspection,B-104-001-W24
INS-01611,2026-06-15,SUP-005,CMP-105,Cylindrical Grinding,Pitch Diameter,18.0,17.985,18.015,mm,18.0066,1,0,,,Goods-in inspection,B-105-005-W24
INS-01612,2026-06-15,SUP-005,CMP-105,Cylindrical Grinding,Pitch Diameter,18.0,17.985,18.015,mm,17.9922,1,0,,,Goods-in inspection,B-105-005-W24
INS-01620,2026-06-15,SUP-004,CMP-106,CNC Milling,Oil Port Position,12.0,11.96,12.04,mm,12.0209,1,0,,,Goods-in inspection,B-106-004-W24
INS-01621,2026-06-15,SUP-004,CMP-106,CNC Milling,Oil Port Position,12.0,11.96,12.04,mm,12.007,1,0,,,Goods-in inspection,B-106-004-W24
INS-01627,2026-06-15,SUP-003,CMP-106,CNC Milling,Oil Port Position,12.0,11.96,12.04,mm,11.9948,1,0,,,Goods-in inspection,B-106-003-W24
INS-01628,2026-06-15,SUP-003,CMP-106,CNC Milling,Oil Port Position,12.0,11.96,12.04,mm,12.0037,1,0,,,Goods-in inspection,B-106-003-W24
INS-01568,2026-06-16,SUP-001,CMP-101,CNC Turning,Journal Diameter,25.0,24.98,25.02,mm,24.9973,1,0,,,Goods-in inspection,B-101-001-W24
INS-01569,2026-06-16,SUP-001,CMP-101,CNC Turning,Journal Diameter,25.0,24.98,25.02,mm,25.0031,1,0,,,Goods-in inspection,B-101-001-W24
INS-01570,2026-06-16,SUP-001,CMP-101,CNC Turning,Journal Diameter,25.0,24.98,25.02,mm,25.0067,1,0,,,Goods-in inspection,B-101-001-W24
INS-01580,2026-06-16,SUP-002,CMP-101,CNC Turning,Journal Diameter,25.0,24.98,25.02,mm,24.9907,1,0,,,Goods-in inspection,B-101-002-W24
INS-01584,2026-06-16,SUP-003,CMP-102,CNC Milling,Bore Diameter,60.0,59.95,60.05,mm,59.9912,1,0,,,Goods-in inspection,B-102-003-W24
INS-01585,2026-06-16,SUP-003,CMP-102,CNC Milling,Bore Diameter,60.0,59.95,60.05,mm,60.0137,1,0,,,Goods-in inspection,B-102-003-W24
INS-01593,2026-06-16,SUP-002,CMP-103,CNC Milling,Hub Thickness,8.0,7.97,8.03,mm,8.0057,1,0,,,Goods-in inspection,B-103-002-W24
INS-01594,2026-06-16,SUP-002,CMP-103,CNC Milling,Hub Thickness,8.0,7.97,8.03,mm,7.9901,1,0,,,Goods-in inspection,B-103-002-W24
INS-01601,2026-06-16,SUP-004,CMP-104,Cylindrical Grinding,Bore Diameter,42.0,41.975,42.025,mm,42.0059,1,0,,,Goods-in inspection,B-104-004-W24
INS-01602,2026-06-16,SUP-004,CMP-104,Cylindrical Grinding,Bore Diameter,42.0,41.975,42.025,mm,42.0053,1,0,,,Goods-in inspection,B-104-004-W24
INS-01608,2026-06-16,SUP-001,CMP-104,Cylindrical Grinding,Bore Diameter,42.0,41.975,42.025,mm,41.9968,1,0,,,Goods-in inspection,B-104-001-W24
INS-01613,2026-06-16,SUP-005,CMP-105,Cylindrical Grinding,Pitch Diameter,18.0,17.985,18.015,mm,17.9979,1,0,,,Goods-in inspection,B-105-005-W24
INS-01614,2026-06-16,SUP-005,CMP-105,Cylindrical Grinding,Pitch Diameter,18.0,17.985,18.015,mm,17.9981,1,0,,,Goods-in inspection,B-105-005-W24
INS-01622,2026-06-16,SUP-004,CMP-106,CNC Milling,Oil Port Position,12.0,11.96,12.04,mm,12.0153,1,0,,,Goods-in inspection,B-106-004-W24
INS-01629,2026-06-16,SUP-003,CMP-106,CNC Milling,Oil Port Position,12.0,11.96,12.04,mm,12.0058,1,0,,,Goods-in inspection,B-106-003-W24
INS-01571,2026-06-17,SUP-001,CMP-101,CNC Turning,Journal Diameter,25.0,24.98,25.02,mm,25.0012,1,0,,,Goods-in inspection,B-101-001-W24
INS-01572,2026-06-17,SUP-001,CMP-101,CNC Turning,Journal Diameter,25.0,24.98,25.02,mm,25.0037,1,0,,,Goods-in inspection,B-101-001-W24
INS-01573,2026-06-17,SUP-001,CMP-101,CNC Turning,Journal Diameter,25.0,24.98,25.02,mm,25.0016,1,0,,,Goods-in inspection,B-101-001-W24
INS-01586,2026-06-17,SUP-003,CMP-102,CNC Milling,Bore Diameter,60.0,59.95,60.05,mm,59.991,1,0,,,Goods-in inspection,B-102-003-W24
INS-01587,2026-06-17,SUP-003,CMP-102,CNC Milling,Bore Diameter,60.0,59.95,60.05,mm,60.0158,1,0,,,Goods-in inspection,B-102-003-W24
INS-01595,2026-06-17,SUP-002,CMP-103,CNC Milling,Hub Thickness,8.0,7.97,8.03,mm,8.0032,1,0,,,Goods-in inspection,B-103-002-W24
INS-01603,2026-06-17,SUP-004,CMP-104,Cylindrical Grinding,Bore Diameter,42.0,41.975,42.025,mm,41.9897,1,0,,,Goods-in inspection,B-104-004-W24
INS-01609,2026-06-17,SUP-001,CMP-104,Cylindrical Grinding,Bore Diameter,42.0,41.975,42.025,mm,42.0096,1,0,,,Goods-in inspection,B-104-001-W24
INS-01615,2026-06-17,SUP-005,CMP-105,Cylindrical Grinding,Pitch Diameter,18.0,17.985,18.015,mm,18.0012,1,0,,,Goods-in inspection,B-105-005-W24
INS-01616,2026-06-17,SUP-005,CMP-105,Cylindrical Grinding,Pitch Diameter,18.0,17.985,18.015,mm,18.003,1,0,,,Goods-in inspection,B-105-005-W24
INS-01623,2026-06-17,SUP-004,CMP-106,CNC Milling,Oil Port Position,12.0,11.96,12.04,mm,11.9892,1,0,,,Goods-in inspection,B-106-004-W24
INS-01624,2026-06-17,SUP-004,CMP-106,CNC Milling,Oil Port Position,12.0,11.96,12.04,mm,11.9847,1,0,,,Goods-in inspection,B-106-004-W24
INS-01630,2026-06-17,SUP-003,CMP-106,CNC Milling,Oil Port Position,12.0,11.96,12.04,mm,11.9904,1,0,,,Goods-in inspection,B-106-003-W24
INS-01574,2026-06-18,SUP-001,CMP-101,CNC Turning,Journal Diameter,25.0,24.98,25.02,mm,25.0064,1,0,,,Goods-in inspection,B-101-001-W24
INS-01575,2026-06-18,SUP-001,CMP-101,CNC Turning,Journal Diameter,25.0,24.98,25.02,mm,25.0064,1,0,,,Goods-in inspection,B-101-001-W24
INS-01576,2026-06-18,SUP-001,CMP-101,CNC Turning,Journal Diameter,25.0,24.98,25.02,mm,25.0088,1,0,,,Goods-in inspection,B-101-001-W24
INS-01581,2026-06-18,SUP-002,CMP-101,CNC Turning,Journal Diameter,25.0,24.98,25.02,mm,25.0053,1,0,,,Goods-in inspection,B-101-002-W24
INS-01588,2026-06-18,SUP-003,CMP-102,CNC Milling,Bore Diameter,60.0,59.95,60.05,mm,59.9888,1,0,,,Goods-in inspection,B-102-003-W24
INS-01589,2026-06-18,SUP-003,CMP-102,CNC Milling,Bore Diameter,60.0,59.95,60.05,mm,59.9933,1,0,,,Goods-in inspection,B-102-003-W24
INS-01596,2026-06-18,SUP-002,CMP-103,CNC Milling,Hub Thickness,8.0,7.97,8.03,mm,7.998,1,0,,,Goods-in inspection,B-103-002-W24
INS-01597,2026-06-18,SUP-002,CMP-103,CNC Milling,Hub Thickness,8.0,7.97,8.03,mm,7.999,1,0,,,Goods-in inspection,B-103-002-W24
INS-01604,2026-06-18,SUP-004,CMP-104,Cylindrical Grinding,Bore Diameter,42.0,41.975,42.025,mm,41.9958,1,0,,,Goods-in inspection,B-104-004-W24
INS-01605,2026-06-18,SUP-004,CMP-104,Cylindrical Grinding,Bore Diameter,42.0,41.975,42.025,mm,41.9968,1,0,,,Goods-in inspection,B-104-004-W24
INS-01610,2026-06-18,SUP-001,CMP-104,Cylindrical Grinding,Bore Diameter,42.0,41.975,42.025,mm,42.0015,1,0,,,Goods-in inspection,B-104-001-W24
INS-01617,2026-06-18,SUP-005,CMP-105,Cylindrical Grinding,Pitch Diameter,18.0,17.985,18.015,mm,17.9962,1,0,,,Goods-in inspection,B-105-005-W24
INS-01618,2026-06-18,SUP-005,CMP-105,Cylindrical Grinding,Pitch Diameter,18.0,17.985,18.015,mm,18.0006,1,0,,,Goods-in inspection,B-105-005-W24
INS-01625,2026-06-18,SUP-004,CMP-106,CNC Milling,Oil Port Position,12.0,11.96,12.04,mm,11.9949,1,0,,,Goods-in inspection,B-106-004-W24
INS-01631,2026-06-18,SUP-003,CMP-106,CNC Milling,Oil Port Position,12.0,11.96,12.04,mm,12.0016,1,0,,,Goods-in inspection,B-106-003-W24
INS-01577,2026-06-19,SUP-001,CMP-101,CNC Turning,Journal Diameter,25.0,24.98,25.02,mm,25.0086,1,1,Surface finish,Minor,Final inspection,B-101-001-W24
INS-01578,2026-06-19,SUP-001,CMP-101,CNC Turning,Journal Diameter,25.0,24.98,25.02,mm,24.996,1,1,Visual defect,Minor,Goods-in inspection,B-101-001-W24
INS-01590,2026-06-19,SUP-003,CMP-102,CNC Milling,Bore Diameter,60.0,59.95,60.05,mm,59.9935,1,0,,,Goods-in inspection,B-102-003-W24
INS-01598,2026-06-19,SUP-002,CMP-103,CNC Milling,Hub Thickness,8.0,7.97,8.03,mm,8.0052,1,0,,,Goods-in inspection,B-103-002-W24
INS-01606,2026-06-19,SUP-004,CMP-104,Cylindrical Grinding,Bore Diameter,42.0,41.975,42.025,mm,41.9911,1,0,,,Goods-in inspection,B-104-004-W24
INS-01619,2026-06-19,SUP-005,CMP-105,Cylindrical Grinding,Pitch Diameter,18.0,17.985,18.015,mm,17.9985,1,0,,,Goods-in inspection,B-105-005-W24
INS-01626,2026-06-19,SUP-004,CMP-106,CNC Milling,Oil Port Position,12.0,11.96,12.04,mm,12.025,1,0,,,Goods-in inspection,B-106-004-W24
INS-01632,2026-06-19,SUP-003,CMP-106,CNC Milling,Oil Port Position,12.0,11.96,12.04,mm,11.9872,1,0,,,Goods-in inspection,B-106-003-W24
INS-01633,2026-06-22,SUP-001,CMP-101,CNC Turning,Journal Diameter,25.0,24.98,25.02,mm,24.9963,1,0,,,Goods-in inspection,B-101-001-W25
INS-01634,2026-06-22,SUP-001,CMP-101,CNC Turning,Journal Diameter,25.0,24.98,25.02,mm,25.0001,1,0,,,Goods-in inspection,B-101-001-W25
INS-01635,2026-06-22,SUP-001,CMP-101,CNC Turning,Journal Diameter,25.0,24.98,25.02,mm,25.0042,1,0,,,Goods-in inspection,B-101-001-W25
INS-01647,2026-06-22,SUP-002,CMP-101,CNC Turning,Journal Diameter,25.0,24.98,25.02,mm,25.0039,1,0,,,Goods-in inspection,B-101-002-W25
INS-01650,2026-06-22,SUP-003,CMP-102,CNC Milling,Bore Diameter,60.0,59.95,60.05,mm,60.02,1,0,,,Goods-in inspection,B-102-003-W25
INS-01651,2026-06-22,SUP-003,CMP-102,CNC Milling,Bore Diameter,60.0,59.95,60.05,mm,60.002,1,0,,,Goods-in inspection,B-102-003-W25
INS-01659,2026-06-22,SUP-002,CMP-103,CNC Milling,Hub Thickness,8.0,7.97,8.03,mm,7.9988,1,0,,,Goods-in inspection,B-103-002-W25
INS-01660,2026-06-22,SUP-002,CMP-103,CNC Milling,Hub Thickness,8.0,7.97,8.03,mm,7.9998,1,0,,,Goods-in inspection,B-103-002-W25
INS-01667,2026-06-22,SUP-004,CMP-104,Cylindrical Grinding,Bore Diameter,42.0,41.975,42.025,mm,42.0215,1,0,,,Goods-in inspection,B-104-004-W25
INS-01668,2026-06-22,SUP-004,CMP-104,Cylindrical Grinding,Bore Diameter,42.0,41.975,42.025,mm,42.0053,1,0,,,Goods-in inspection,B-104-004-W25
INS-01675,2026-06-22,SUP-001,CMP-104,Cylindrical Grinding,Bore Diameter,42.0,41.975,42.025,mm,42.0067,1,0,,,Goods-in inspection,B-104-001-W25
INS-01679,2026-06-22,SUP-005,CMP-105,Cylindrical Grinding,Pitch Diameter,18.0,17.985,18.015,mm,17.9971,1,0,,,Goods-in inspection,B-105-005-W25
INS-01680,2026-06-22,SUP-005,CMP-105,Cylindrical Grinding,Pitch Diameter,18.0,17.985,18.015,mm,18.0068,1,0,,,Goods-in inspection,B-105-005-W25
INS-01688,2026-06-22,SUP-004,CMP-106,CNC Milling,Oil Port Position,12.0,11.96,12.04,mm,11.9934,1,0,,,Goods-in inspection,B-106-004-W25
INS-01689,2026-06-22,SUP-004,CMP-106,CNC Milling,Oil Port Position,12.0,11.96,12.04,mm,12.009,1,0,,,Goods-in inspection,B-106-004-W25
INS-01695,2026-06-22,SUP-003,CMP-106,CNC Milling,Oil Port Position,12.0,11.96,12.04,mm,12.0075,1,0,,,Goods-in inspection,B-106-003-W25
INS-01696,2026-06-22,SUP-003,CMP-106,CNC Milling,Oil Port Position,12.0,11.96,12.04,mm,11.9945,1,1,Visual defect,Major,Goods-in inspection,B-106-003-W25
INS-01636,2026-06-23,SUP-001,CMP-101,CNC Turning,Journal Diameter,25.0,24.98,25.02,mm,25.0033,1,0,,,Goods-in inspection,B-101-001-W25
INS-01637,2026-06-23,SUP-001,CMP-101,CNC Turning,Journal Diameter,25.0,24.98,25.02,mm,25.0025,1,0,,,Goods-in inspection,B-101-001-W25
INS-01638,2026-06-23,SUP-001,CMP-101,CNC Turning,Journal Diameter,25.0,24.98,25.02,mm,24.9937,1,0,,,Goods-in inspection,B-101-001-W25
INS-01648,2026-06-23,SUP-002,CMP-101,CNC Turning,Journal Diameter,25.0,24.98,25.02,mm,24.9982,1,0,,,Goods-in inspection,B-101-002-W25
INS-01652,2026-06-23,SUP-003,CMP-102,CNC Milling,Bore Diameter,60.0,59.95,60.05,mm,60.0198,1,0,,,Goods-in inspection,B-102-003-W25
INS-01653,2026-06-23,SUP-003,CMP-102,CNC Milling,Bore Diameter,60.0,59.95,60.05,mm,60.0009,1,0,,,Goods-in inspection,B-102-003-W25
INS-01661,2026-06-23,SUP-002,CMP-103,CNC Milling,Hub Thickness,8.0,7.97,8.03,mm,7.9992,1,0,,,Goods-in inspection,B-103-002-W25
INS-01662,2026-06-23,SUP-002,CMP-103,CNC Milling,Hub Thickness,8.0,7.97,8.03,mm,7.9977,1,0,,,Goods-in inspection,B-103-002-W25
INS-01669,2026-06-23,SUP-004,CMP-104,Cylindrical Grinding,Bore Diameter,42.0,41.975,42.025,mm,41.998,1,0,,,Goods-in inspection,B-104-004-W25
INS-01670,2026-06-23,SUP-004,CMP-104,Cylindrical Grinding,Bore Diameter,42.0,41.975,42.025,mm,41.9982,1,0,,,Goods-in inspection,B-104-004-W25
INS-01676,2026-06-23,SUP-001,CMP-104,Cylindrical Grinding,Bore Diameter,42.0,41.975,42.025,mm,41.9957,1,0,,,Goods-in inspection,B-104-001-W25
INS-01681,2026-06-23,SUP-005,CMP-105,Cylindrical Grinding,Pitch Diameter,18.0,17.985,18.015,mm,18.0007,1,0,,,Goods-in inspection,B-105-005-W25
INS-01682,2026-06-23,SUP-005,CMP-105,Cylindrical Grinding,Pitch Diameter,18.0,17.985,18.015,mm,18.0039,1,0,,,Goods-in inspection,B-105-005-W25
INS-01690,2026-06-23,SUP-004,CMP-106,CNC Milling,Oil Port Position,12.0,11.96,12.04,mm,12.0173,1,0,,,Goods-in inspection,B-106-004-W25
INS-01697,2026-06-23,SUP-003,CMP-106,CNC Milling,Oil Port Position,12.0,11.96,12.04,mm,11.9811,1,0,,,Goods-in inspection,B-106-003-W25
INS-01639,2026-06-24,SUP-001,CMP-101,CNC Turning,Journal Diameter,25.0,24.98,25.02,mm,25.0017,1,0,,,Goods-in inspection,B-101-001-W25
INS-01640,2026-06-24,SUP-001,CMP-101,CNC Turning,Journal Diameter,25.0,24.98,25.02,mm,25.0032,1,0,,,Goods-in inspection,B-101-001-W25
INS-01641,2026-06-24,SUP-001,CMP-101,CNC Turning,Journal Diameter,25.0,24.98,25.02,mm,25.0017,1,0,,,Goods-in inspection,B-101-001-W25
INS-01654,2026-06-24,SUP-003,CMP-102,CNC Milling,Bore Diameter,60.0,59.95,60.05,mm,60.0001,1,0,,,Goods-in inspection,B-102-003-W25
INS-01655,2026-06-24,SUP-003,CMP-102,CNC Milling,Bore Diameter,60.0,59.95,60.05,mm,60.0188,1,0,,,Goods-in inspection,B-102-003-W25
INS-01663,2026-06-24,SUP-002,CMP-103,CNC Milling,Hub Thickness,8.0,7.97,8.03,mm,7.9949,1,1,Burr,Minor,Goods-in inspection,B-103-002-W25
INS-01671,2026-06-24,SUP-004,CMP-104,Cylindrical Grinding,Bore Diameter,42.0,41.975,42.025,mm,42.0009,1,0,,,Goods-in inspection,B-104-004-W25
INS-01677,2026-06-24,SUP-001,CMP-104,Cylindrical Grinding,Bore Diameter,42.0,41.975,42.025,mm,41.9976,1,0,,,Goods-in inspection,B-104-001-W25
INS-01683,2026-06-24,SUP-005,CMP-105,Cylindrical Grinding,Pitch Diameter,18.0,17.985,18.015,mm,17.9944,1,0,,,Goods-in inspection,B-105-005-W25
INS-01684,2026-06-24,SUP-005,CMP-105,Cylindrical Grinding,Pitch Diameter,18.0,17.985,18.015,mm,18.0025,1,0,,,Goods-in inspection,B-105-005-W25
INS-01691,2026-06-24,SUP-004,CMP-106,CNC Milling,Oil Port Position,12.0,11.96,12.04,mm,11.9962,1,0,,,Goods-in inspection,B-106-004-W25
INS-01692,2026-06-24,SUP-004,CMP-106,CNC Milling,Oil Port Position,12.0,11.96,12.04,mm,11.9873,1,0,,,Goods-in inspection,B-106-004-W25
INS-01698,2026-06-24,SUP-003,CMP-106,CNC Milling,Oil Port Position,12.0,11.96,12.04,mm,12.0071,1,0,,,Goods-in inspection,B-106-003-W25
INS-01642,2026-06-25,SUP-001,CMP-101,CNC Turning,Journal Diameter,25.0,24.98,25.02,mm,25.003,1,0,,,Goods-in inspection,B-101-001-W25
INS-01643,2026-06-25,SUP-001,CMP-101,CNC Turning,Journal Diameter,25.0,24.98,25.02,mm,25.0045,1,0,,,Goods-in inspection,B-101-001-W25
INS-01644,2026-06-25,SUP-001,CMP-101,CNC Turning,Journal Diameter,25.0,24.98,25.02,mm,25.0059,1,0,,,Goods-in inspection,B-101-001-W25
INS-01649,2026-06-25,SUP-002,CMP-101,CNC Turning,Journal Diameter,25.0,24.98,25.02,mm,25.0006,1,0,,,Goods-in inspection,B-101-002-W25
INS-01656,2026-06-25,SUP-003,CMP-102,CNC Milling,Bore Diameter,60.0,59.95,60.05,mm,59.99,1,0,,,Goods-in inspection,B-102-003-W25
INS-01657,2026-06-25,SUP-003,CMP-102,CNC Milling,Bore Diameter,60.0,59.95,60.05,mm,60.0249,1,0,,,Goods-in inspection,B-102-003-W25
INS-01664,2026-06-25,SUP-002,CMP-103,CNC Milling,Hub Thickness,8.0,7.97,8.03,mm,8.0014,1,0,,,Goods-in inspection,B-103-002-W25
INS-01665,2026-06-25,SUP-002,CMP-103,CNC Milling,Hub Thickness,8.0,7.97,8.03,mm,8.0103,1,0,,,Goods-in inspection,B-103-002-W25
INS-01672,2026-06-25,SUP-004,CMP-104,Cylindrical Grinding,Bore Diameter,42.0,41.975,42.025,mm,42.0041,1,0,,,Goods-in inspection,B-104-004-W25
INS-01673,2026-06-25,SUP-004,CMP-104,Cylindrical Grinding,Bore Diameter,42.0,41.975,42.025,mm,42.0041,1,0,,,Goods-in inspection,B-104-004-W25
INS-01678,2026-06-25,SUP-001,CMP-104,Cylindrical Grinding,Bore Diameter,42.0,41.975,42.025,mm,42.0053,1,0,,,Goods-in inspection,B-104-001-W25
INS-01685,2026-06-25,SUP-005,CMP-105,Cylindrical Grinding,Pitch Diameter,18.0,17.985,18.015,mm,17.9982,1,0,,,Goods-in inspection,B-105-005-W25
INS-01686,2026-06-25,SUP-005,CMP-105,Cylindrical Grinding,Pitch Diameter,18.0,17.985,18.015,mm,18.0012,1,0,,,Goods-in inspection,B-105-005-W25
INS-01693,2026-06-25,SUP-004,CMP-106,CNC Milling,Oil Port Position,12.0,11.96,12.04,mm,12.001,1,0,,,Goods-in inspection,B-106-004-W25
INS-01699,2026-06-25,SUP-003,CMP-106,CNC Milling,Oil Port Position,12.0,11.96,12.04,mm,11.9547,0,1,Positional tolerance,Minor,Goods-in inspection,B-106-003-W25
INS-01645,2026-06-26,SUP-001,CMP-101,CNC Turning,Journal Diameter,25.0,24.98,25.02,mm,25.0025,1,0,,,Goods-in inspection,B-101-001-W25
INS-01646,2026-06-26,SUP-001,CMP-101,CNC Turning,Journal Diameter,25.0,24.98,25.02,mm,25.0019,1,0,,,Goods-in inspection,B-101-001-W25
INS-01658,2026-06-26,SUP-003,CMP-102,CNC Milling,Bore Diameter,60.0,59.95,60.05,mm,60.003,1,0,,,Goods-in inspection,B-102-003-W25
INS-01666,2026-06-26,SUP-002,CMP-103,CNC Milling,Hub Thickness,8.0,7.97,8.03,mm,7.9944,1,0,,,Goods-in inspection,B-103-002-W25
INS-01674,2026-06-26,SUP-004,CMP-104,Cylindrical Grinding,Bore Diameter,42.0,41.975,42.025,mm,42.0015,1,0,,,Goods-in inspection,B-104-004-W25
INS-01687,2026-06-26,SUP-005,CMP-105,Cylindrical Grinding,Pitch Diameter,18.0,17.985,18.015,mm,18.003,1,0,,,Goods-in inspection,B-105-005-W25
INS-01694,2026-06-26,SUP-004,CMP-106,CNC Milling,Oil Port Position,12.0,11.96,12.04,mm,11.996,1,0,,,Goods-in inspection,B-106-004-W25
INS-01700,2026-06-26,SUP-003,CMP-106,CNC Milling,Oil Port Position,12.0,11.96,12.04,mm,12.0015,1,0,,,Goods-in inspection,B-106-003-W25
INS-01701,2026-06-29,SUP-001,CMP-101,CNC Turning,Journal Diameter,25.0,24.98,25.02,mm,24.9952,1,0,,,Goods-in inspection,B-101-001-W26
INS-01702,2026-06-29,SUP-001,CMP-101,CNC Turning,Journal Diameter,25.0,24.98,25.02,mm,25.0122,1,0,,,Goods-in inspection,B-101-001-W26
INS-01703,2026-06-29,SUP-001,CMP-101,CNC Turning,Journal Diameter,25.0,24.98,25.02,mm,25.0018,1,0,,,Goods-in inspection,B-101-001-W26
INS-01715,2026-06-29,SUP-002,CMP-101,CNC Turning,Journal Diameter,25.0,24.98,25.02,mm,25.0057,1,0,,,Goods-in inspection,B-101-002-W26
INS-01718,2026-06-29,SUP-003,CMP-102,CNC Milling,Bore Diameter,60.0,59.95,60.05,mm,60.0146,1,0,,,Goods-in inspection,B-102-003-W26
INS-01719,2026-06-29,SUP-003,CMP-102,CNC Milling,Bore Diameter,60.0,59.95,60.05,mm,60.0015,1,0,,,Goods-in inspection,B-102-003-W26
INS-01727,2026-06-29,SUP-002,CMP-103,CNC Milling,Hub Thickness,8.0,7.97,8.03,mm,8.0281,1,0,,,Goods-in inspection,B-103-002-W26
INS-01728,2026-06-29,SUP-002,CMP-103,CNC Milling,Hub Thickness,8.0,7.97,8.03,mm,7.9861,1,0,,,Goods-in inspection,B-103-002-W26
INS-01735,2026-06-29,SUP-004,CMP-104,Cylindrical Grinding,Bore Diameter,42.0,41.975,42.025,mm,42.002,1,0,,,Goods-in inspection,B-104-004-W26
INS-01736,2026-06-29,SUP-004,CMP-104,Cylindrical Grinding,Bore Diameter,42.0,41.975,42.025,mm,42.0049,1,0,,,Goods-in inspection,B-104-004-W26
INS-01743,2026-06-29,SUP-001,CMP-104,Cylindrical Grinding,Bore Diameter,42.0,41.975,42.025,mm,42.0033,1,0,,,Goods-in inspection,B-104-001-W26
INS-01747,2026-06-29,SUP-005,CMP-105,Cylindrical Grinding,Pitch Diameter,18.0,17.985,18.015,mm,18.0066,1,0,,,Goods-in inspection,B-105-005-W26
INS-01748,2026-06-29,SUP-005,CMP-105,Cylindrical Grinding,Pitch Diameter,18.0,17.985,18.015,mm,17.9969,1,0,,,Goods-in inspection,B-105-005-W26
INS-01756,2026-06-29,SUP-004,CMP-106,CNC Milling,Oil Port Position,12.0,11.96,12.04,mm,12.0,1,0,,,Goods-in inspection,B-106-004-W26
INS-01757,2026-06-29,SUP-004,CMP-106,CNC Milling,Oil Port Position,12.0,11.96,12.04,mm,11.9807,1,0,,,Goods-in inspection,B-106-004-W26
INS-01763,2026-06-29,SUP-003,CMP-106,CNC Milling,Oil Port Position,12.0,11.96,12.04,mm,11.9845,1,0,,,Goods-in inspection,B-106-003-W26
INS-01764,2026-06-29,SUP-003,CMP-106,CNC Milling,Oil Port Position,12.0,11.96,12.04,mm,11.9777,1,0,,,Goods-in inspection,B-106-003-W26
INS-01704,2026-06-30,SUP-001,CMP-101,CNC Turning,Journal Diameter,25.0,24.98,25.02,mm,25.0049,1,0,,,Goods-in inspection,B-101-001-W26
INS-01705,2026-06-30,SUP-001,CMP-101,CNC Turning,Journal Diameter,25.0,24.98,25.02,mm,24.9994,1,0,,,Goods-in inspection,B-101-001-W26
INS-01706,2026-06-30,SUP-001,CMP-101,CNC Turning,Journal Diameter,25.0,24.98,25.02,mm,25.0028,1,0,,,Goods-in inspection,B-101-001-W26
INS-01716,2026-06-30,SUP-002,CMP-101,CNC Turning,Journal Diameter,25.0,24.98,25.02,mm,25.014,1,0,,,Goods-in inspection,B-101-002-W26
INS-01720,2026-06-30,SUP-003,CMP-102,CNC Milling,Bore Diameter,60.0,59.95,60.05,mm,60.0395,1,0,,,Goods-in inspection,B-102-003-W26
INS-01721,2026-06-30,SUP-003,CMP-102,CNC Milling,Bore Diameter,60.0,59.95,60.05,mm,60.0219,1,0,,,Goods-in inspection,B-102-003-W26
INS-01729,2026-06-30,SUP-002,CMP-103,CNC Milling,Hub Thickness,8.0,7.97,8.03,mm,7.9869,1,0,,,Goods-in inspection,B-103-002-W26
INS-01730,2026-06-30,SUP-002,CMP-103,CNC Milling,Hub Thickness,8.0,7.97,8.03,mm,8.0092,1,0,,,Goods-in inspection,B-103-002-W26
INS-01737,2026-06-30,SUP-004,CMP-104,Cylindrical Grinding,Bore Diameter,42.0,41.975,42.025,mm,41.9949,1,0,,,Goods-in inspection,B-104-004-W26
INS-01738,2026-06-30,SUP-004,CMP-104,Cylindrical Grinding,Bore Diameter,42.0,41.975,42.025,mm,42.0077,1,0,,,Goods-in inspection,B-104-004-W26
INS-01744,2026-06-30,SUP-001,CMP-104,Cylindrical Grinding,Bore Diameter,42.0,41.975,42.025,mm,42.0031,1,0,,,Goods-in inspection,B-104-001-W26
INS-01749,2026-06-30,SUP-005,CMP-105,Cylindrical Grinding,Pitch Diameter,18.0,17.985,18.015,mm,18.0004,1,0,,,Goods-in inspection,B-105-005-W26
INS-01750,2026-06-30,SUP-005,CMP-105,Cylindrical Grinding,Pitch Diameter,18.0,17.985,18.015,mm,18.0046,1,0,,,Goods-in inspection,B-105-005-W26
INS-01758,2026-06-30,SUP-004,CMP-106,CNC Milling,Oil Port Position,12.0,11.96,12.04,mm,11.9906,1,0,,,Goods-in inspection,B-106-004-W26
INS-01765,2026-06-30,SUP-003,CMP-106,CNC Milling,Oil Port Position,12.0,11.96,12.04,mm,11.9964,1,0,,,Goods-in inspection,B-106-003-W26
INS-01707,2026-07-01,SUP-001,CMP-101,CNC Turning,Journal Diameter,25.0,24.98,25.02,mm,25.0013,1,0,,,Goods-in inspection,B-101-001-W26
INS-01708,2026-07-01,SUP-001,CMP-101,CNC Turning,Journal Diameter,25.0,24.98,25.02,mm,25.0,1,0,,,Goods-in inspection,B-101-001-W26
INS-01709,2026-07-01,SUP-001,CMP-101,CNC Turning,Journal Diameter,25.0,24.98,25.02,mm,24.999,1,0,,,Goods-in inspection,B-101-001-W26
INS-01722,2026-07-01,SUP-003,CMP-102,CNC Milling,Bore Diameter,60.0,59.95,60.05,mm,60.0067,1,0,,,Goods-in inspection,B-102-003-W26
INS-01723,2026-07-01,SUP-003,CMP-102,CNC Milling,Bore Diameter,60.0,59.95,60.05,mm,60.0064,1,0,,,Goods-in inspection,B-102-003-W26
INS-01731,2026-07-01,SUP-002,CMP-103,CNC Milling,Hub Thickness,8.0,7.97,8.03,mm,7.999,1,0,,,Goods-in inspection,B-103-002-W26
INS-01739,2026-07-01,SUP-004,CMP-104,Cylindrical Grinding,Bore Diameter,42.0,41.975,42.025,mm,41.9994,1,0,,,Goods-in inspection,B-104-004-W26
INS-01745,2026-07-01,SUP-001,CMP-104,Cylindrical Grinding,Bore Diameter,42.0,41.975,42.025,mm,42.001,1,0,,,Goods-in inspection,B-104-001-W26
INS-01751,2026-07-01,SUP-005,CMP-105,Cylindrical Grinding,Pitch Diameter,18.0,17.985,18.015,mm,17.9977,1,0,,,Goods-in inspection,B-105-005-W26
INS-01752,2026-07-01,SUP-005,CMP-105,Cylindrical Grinding,Pitch Diameter,18.0,17.985,18.015,mm,17.9965,1,0,,,Goods-in inspection,B-105-005-W26
INS-01759,2026-07-01,SUP-004,CMP-106,CNC Milling,Oil Port Position,12.0,11.96,12.04,mm,11.9962,1,0,,,Goods-in inspection,B-106-004-W26
INS-01760,2026-07-01,SUP-004,CMP-106,CNC Milling,Oil Port Position,12.0,11.96,12.04,mm,12.0058,1,0,,,Goods-in inspection,B-106-004-W26
INS-01766,2026-07-01,SUP-003,CMP-106,CNC Milling,Oil Port Position,12.0,11.96,12.04,mm,11.9998,1,0,,,Goods-in inspection,B-106-003-W26
INS-01710,2026-07-02,SUP-001,CMP-101,CNC Turning,Journal Diameter,25.0,24.98,25.02,mm,24.9999,1,0,,,Goods-in inspection,B-101-001-W26
INS-01711,2026-07-02,SUP-001,CMP-101,CNC Turning,Journal Diameter,25.0,24.98,25.02,mm,25.0045,1,0,,,Goods-in inspection,B-101-001-W26
INS-01712,2026-07-02,SUP-001,CMP-101,CNC Turning,Journal Diameter,25.0,24.98,25.02,mm,24.9977,1,0,,,Goods-in inspection,B-101-001-W26
INS-01717,2026-07-02,SUP-002,CMP-101,CNC Turning,Journal Diameter,25.0,24.98,25.02,mm,25.015,1,0,,,Goods-in inspection,B-101-002-W26
INS-01724,2026-07-02,SUP-003,CMP-102,CNC Milling,Bore Diameter,60.0,59.95,60.05,mm,60.0079,1,0,,,Goods-in inspection,B-102-003-W26
INS-01725,2026-07-02,SUP-003,CMP-102,CNC Milling,Bore Diameter,60.0,59.95,60.05,mm,59.9898,1,0,,,Goods-in inspection,B-102-003-W26
INS-01732,2026-07-02,SUP-002,CMP-103,CNC Milling,Hub Thickness,8.0,7.97,8.03,mm,8.015,1,1,Visual defect,Minor,Goods-in inspection,B-103-002-W26
INS-01733,2026-07-02,SUP-002,CMP-103,CNC Milling,Hub Thickness,8.0,7.97,8.03,mm,7.9968,1,0,,,Goods-in inspection,B-103-002-W26
INS-01740,2026-07-02,SUP-004,CMP-104,Cylindrical Grinding,Bore Diameter,42.0,41.975,42.025,mm,41.9952,1,0,,,Goods-in inspection,B-104-004-W26
INS-01741,2026-07-02,SUP-004,CMP-104,Cylindrical Grinding,Bore Diameter,42.0,41.975,42.025,mm,41.994,1,0,,,Goods-in inspection,B-104-004-W26
INS-01746,2026-07-02,SUP-001,CMP-104,Cylindrical Grinding,Bore Diameter,42.0,41.975,42.025,mm,42.0013,1,0,,,Goods-in inspection,B-104-001-W26
INS-01753,2026-07-02,SUP-005,CMP-105,Cylindrical Grinding,Pitch Diameter,18.0,17.985,18.015,mm,17.9974,1,0,,,Goods-in inspection,B-105-005-W26
INS-01754,2026-07-02,SUP-005,CMP-105,Cylindrical Grinding,Pitch Diameter,18.0,17.985,18.015,mm,18.0044,1,0,,,Goods-in inspection,B-105-005-W26
INS-01761,2026-07-02,SUP-004,CMP-106,CNC Milling,Oil Port Position,12.0,11.96,12.04,mm,11.9928,1,0,,,Goods-in inspection,B-106-004-W26
INS-01767,2026-07-02,SUP-003,CMP-106,CNC Milling,Oil Port Position,12.0,11.96,12.04,mm,11.9687,1,0,,,Goods-in inspection,B-106-003-W26
INS-01713,2026-07-03,SUP-001,CMP-101,CNC Turning,Journal Diameter,25.0,24.98,25.02,mm,24.9932,1,0,,,Goods-in inspection,B-101-001-W26
INS-01714,2026-07-03,SUP-001,CMP-101,CNC Turning,Journal Diameter,25.0,24.98,25.02,mm,25.0073,1,0,,,Goods-in inspection,B-101-001-W26
INS-01726,2026-07-03,SUP-003,CMP-102,CNC Milling,Bore Diameter,60.0,59.95,60.05,mm,60.0206,1,0,,,Goods-in inspection,B-102-003-W26
INS-01734,2026-07-03,SUP-002,CMP-103,CNC Milling,Hub Thickness,8.0,7.97,8.03,mm,7.9918,1,0,,,Goods-in inspection,B-103-002-W26
INS-01742,2026-07-03,SUP-004,CMP-104,Cylindrical Grinding,Bore Diameter,42.0,41.975,42.025,mm,41.9865,1,0,,,Goods-in inspection,B-104-004-W26
INS-01755,2026-07-03,SUP-005,CMP-105,Cylindrical Grinding,Pitch Diameter,18.0,17.985,18.015,mm,18.0053,1,0,,,Goods-in inspection,B-105-005-W26
INS-01762,2026-07-03,SUP-004,CMP-106,CNC Milling,Oil Port Position,12.0,11.96,12.04,mm,12.0046,1,0,,,Goods-in inspection,B-106-004-W26
INS-01768,2026-07-03,SUP-003,CMP-106,CNC Milling,Oil Port Position,12.0,11.96,12.04,mm,12.0087,1,0,,,Goods-in inspection,B-106-003-W26
INS-01769,2026-07-06,SUP-001,CMP-101,CNC Turning,Journal Diameter,25.0,24.98,25.02,mm,25.0039,1,0,,,Goods-in inspection,B-101-001-W27
INS-01770,2026-07-06,SUP-001,CMP-101,CNC Turning,Journal Diameter,25.0,24.98,25.02,mm,24.9993,1,0,,,Goods-in inspection,B-101-001-W27
INS-01771,2026-07-06,SUP-001,CMP-101,CNC Turning,Journal Diameter,25.0,24.98,25.02,mm,25.0004,1,0,,,Goods-in inspection,B-101-001-W27
INS-01783,2026-07-06,SUP-002,CMP-101,CNC Turning,Journal Diameter,25.0,24.98,25.02,mm,25.0111,1,0,,,Goods-in inspection,B-101-002-W27
INS-01786,2026-07-06,SUP-003,CMP-102,CNC Milling,Bore Diameter,60.0,59.95,60.05,mm,59.9976,1,0,,,Goods-in inspection,B-102-003-W27
INS-01787,2026-07-06,SUP-003,CMP-102,CNC Milling,Bore Diameter,60.0,59.95,60.05,mm,59.9963,1,0,,,Goods-in inspection,B-102-003-W27
INS-01795,2026-07-06,SUP-002,CMP-103,CNC Milling,Hub Thickness,8.0,7.97,8.03,mm,7.9979,1,0,,,Goods-in inspection,B-103-002-W27
INS-01796,2026-07-06,SUP-002,CMP-103,CNC Milling,Hub Thickness,8.0,7.97,8.03,mm,7.9934,1,0,,,Goods-in inspection,B-103-002-W27
INS-01803,2026-07-06,SUP-004,CMP-104,Cylindrical Grinding,Bore Diameter,42.0,41.975,42.025,mm,41.9988,1,0,,,Goods-in inspection,B-104-004-W27
INS-01804,2026-07-06,SUP-004,CMP-104,Cylindrical Grinding,Bore Diameter,42.0,41.975,42.025,mm,42.0061,1,0,,,Goods-in inspection,B-104-004-W27
INS-01811,2026-07-06,SUP-001,CMP-104,Cylindrical Grinding,Bore Diameter,42.0,41.975,42.025,mm,42.0008,1,0,,,Goods-in inspection,B-104-001-W27
INS-01815,2026-07-06,SUP-005,CMP-105,Cylindrical Grinding,Pitch Diameter,18.0,17.985,18.015,mm,18.0048,1,1,Visual defect,Minor,Goods-in inspection,B-105-005-W27
INS-01816,2026-07-06,SUP-005,CMP-105,Cylindrical Grinding,Pitch Diameter,18.0,17.985,18.015,mm,18.0025,1,0,,,Goods-in inspection,B-105-005-W27
INS-01824,2026-07-06,SUP-004,CMP-106,CNC Milling,Oil Port Position,12.0,11.96,12.04,mm,11.989,1,0,,,Goods-in inspection,B-106-004-W27
INS-01825,2026-07-06,SUP-004,CMP-106,CNC Milling,Oil Port Position,12.0,11.96,12.04,mm,11.9931,1,0,,,Goods-in inspection,B-106-004-W27
INS-01831,2026-07-06,SUP-003,CMP-106,CNC Milling,Oil Port Position,12.0,11.96,12.04,mm,11.9802,1,0,,,Goods-in inspection,B-106-003-W27
INS-01832,2026-07-06,SUP-003,CMP-106,CNC Milling,Oil Port Position,12.0,11.96,12.04,mm,12.0093,1,0,,,Goods-in inspection,B-106-003-W27
INS-01772,2026-07-07,SUP-001,CMP-101,CNC Turning,Journal Diameter,25.0,24.98,25.02,mm,25.0036,1,0,,,Goods-in inspection,B-101-001-W27
INS-01773,2026-07-07,SUP-001,CMP-101,CNC Turning,Journal Diameter,25.0,24.98,25.02,mm,25.0056,1,0,,,Goods-in inspection,B-101-001-W27
INS-01774,2026-07-07,SUP-001,CMP-101,CNC Turning,Journal Diameter,25.0,24.98,25.02,mm,25.0048,1,0,,,Goods-in inspection,B-101-001-W27
INS-01784,2026-07-07,SUP-002,CMP-101,CNC Turning,Journal Diameter,25.0,24.98,25.02,mm,25.0014,1,0,,,Goods-in inspection,B-101-002-W27
INS-01788,2026-07-07,SUP-003,CMP-102,CNC Milling,Bore Diameter,60.0,59.95,60.05,mm,59.994,1,0,,,Goods-in inspection,B-102-003-W27
INS-01789,2026-07-07,SUP-003,CMP-102,CNC Milling,Bore Diameter,60.0,59.95,60.05,mm,59.9843,1,0,,,Goods-in inspection,B-102-003-W27
INS-01797,2026-07-07,SUP-002,CMP-103,CNC Milling,Hub Thickness,8.0,7.97,8.03,mm,7.9883,1,0,,,Goods-in inspection,B-103-002-W27
INS-01798,2026-07-07,SUP-002,CMP-103,CNC Milling,Hub Thickness,8.0,7.97,8.03,mm,7.9996,1,0,,,Goods-in inspection,B-103-002-W27
INS-01805,2026-07-07,SUP-004,CMP-104,Cylindrical Grinding,Bore Diameter,42.0,41.975,42.025,mm,42.0008,1,0,,,Goods-in inspection,B-104-004-W27
INS-01806,2026-07-07,SUP-004,CMP-104,Cylindrical Grinding,Bore Diameter,42.0,41.975,42.025,mm,41.9999,1,0,,,Goods-in inspection,B-104-004-W27
INS-01812,2026-07-07,SUP-001,CMP-104,Cylindrical Grinding,Bore Diameter,42.0,41.975,42.025,mm,42.0031,1,0,,,Goods-in inspection,B-104-001-W27
INS-01817,2026-07-07,SUP-005,CMP-105,Cylindrical Grinding,Pitch Diameter,18.0,17.985,18.015,mm,17.9994,1,0,,,Goods-in inspection,B-105-005-W27
INS-01818,2026-07-07,SUP-005,CMP-105,Cylindrical Grinding,Pitch Diameter,18.0,17.985,18.015,mm,17.9995,1,0,,,Goods-in inspection,B-105-005-W27
INS-01826,2026-07-07,SUP-004,CMP-106,CNC Milling,Oil Port Position,12.0,11.96,12.04,mm,11.9841,1,0,,,Goods-in inspection,B-106-004-W27
INS-01833,2026-07-07,SUP-003,CMP-106,CNC Milling,Oil Port Position,12.0,11.96,12.04,mm,12.0095,1,0,,,Goods-in inspection,B-106-003-W27
INS-01775,2026-07-08,SUP-001,CMP-101,CNC Turning,Journal Diameter,25.0,24.98,25.02,mm,24.9964,1,0,,,Goods-in inspection,B-101-001-W27
INS-01776,2026-07-08,SUP-001,CMP-101,CNC Turning,Journal Diameter,25.0,24.98,25.02,mm,25.0027,1,0,,,Goods-in inspection,B-101-001-W27
INS-01777,2026-07-08,SUP-001,CMP-101,CNC Turning,Journal Diameter,25.0,24.98,25.02,mm,25.0001,1,0,,,Goods-in inspection,B-101-001-W27
INS-01790,2026-07-08,SUP-003,CMP-102,CNC Milling,Bore Diameter,60.0,59.95,60.05,mm,59.9704,1,0,,,Goods-in inspection,B-102-003-W27
INS-01791,2026-07-08,SUP-003,CMP-102,CNC Milling,Bore Diameter,60.0,59.95,60.05,mm,60.0052,1,0,,,Goods-in inspection,B-102-003-W27
INS-01799,2026-07-08,SUP-002,CMP-103,CNC Milling,Hub Thickness,8.0,7.97,8.03,mm,7.997,1,0,,,Goods-in inspection,B-103-002-W27
INS-01807,2026-07-08,SUP-004,CMP-104,Cylindrical Grinding,Bore Diameter,42.0,41.975,42.025,mm,41.9964,1,0,,,Goods-in inspection,B-104-004-W27
INS-01813,2026-07-08,SUP-001,CMP-104,Cylindrical Grinding,Bore Diameter,42.0,41.975,42.025,mm,42.0106,1,0,,,Goods-in inspection,B-104-001-W27
INS-01819,2026-07-08,SUP-005,CMP-105,Cylindrical Grinding,Pitch Diameter,18.0,17.985,18.015,mm,18.0024,1,0,,,Goods-in inspection,B-105-005-W27
INS-01820,2026-07-08,SUP-005,CMP-105,Cylindrical Grinding,Pitch Diameter,18.0,17.985,18.015,mm,18.0051,1,0,,,Goods-in inspection,B-105-005-W27
INS-01827,2026-07-08,SUP-004,CMP-106,CNC Milling,Oil Port Position,12.0,11.96,12.04,mm,11.9805,1,0,,,Goods-in inspection,B-106-004-W27
INS-01828,2026-07-08,SUP-004,CMP-106,CNC Milling,Oil Port Position,12.0,11.96,12.04,mm,11.9882,1,0,,,Goods-in inspection,B-106-004-W27
INS-01834,2026-07-08,SUP-003,CMP-106,CNC Milling,Oil Port Position,12.0,11.96,12.04,mm,12.0177,1,0,,,Goods-in inspection,B-106-003-W27
INS-01778,2026-07-09,SUP-001,CMP-101,CNC Turning,Journal Diameter,25.0,24.98,25.02,mm,25.0067,1,0,,,Goods-in inspection,B-101-001-W27
INS-01779,2026-07-09,SUP-001,CMP-101,CNC Turning,Journal Diameter,25.0,24.98,25.02,mm,25.0024,1,0,,,Goods-in inspection,B-101-001-W27
INS-01780,2026-07-09,SUP-001,CMP-101,CNC Turning,Journal Diameter,25.0,24.98,25.02,mm,25.0038,1,0,,,Goods-in inspection,B-101-001-W27
INS-01785,2026-07-09,SUP-002,CMP-101,CNC Turning,Journal Diameter,25.0,24.98,25.02,mm,25.0107,1,0,,,Goods-in inspection,B-101-002-W27
INS-01792,2026-07-09,SUP-003,CMP-102,CNC Milling,Bore Diameter,60.0,59.95,60.05,mm,60.0133,1,0,,,Goods-in inspection,B-102-003-W27
INS-01793,2026-07-09,SUP-003,CMP-102,CNC Milling,Bore Diameter,60.0,59.95,60.05,mm,60.0258,1,0,,,Goods-in inspection,B-102-003-W27
INS-01800,2026-07-09,SUP-002,CMP-103,CNC Milling,Hub Thickness,8.0,7.97,8.03,mm,7.9998,1,0,,,Goods-in inspection,B-103-002-W27
INS-01801,2026-07-09,SUP-002,CMP-103,CNC Milling,Hub Thickness,8.0,7.97,8.03,mm,7.9933,1,0,,,Goods-in inspection,B-103-002-W27
INS-01808,2026-07-09,SUP-004,CMP-104,Cylindrical Grinding,Bore Diameter,42.0,41.975,42.025,mm,42.0129,1,0,,,Goods-in inspection,B-104-004-W27
INS-01809,2026-07-09,SUP-004,CMP-104,Cylindrical Grinding,Bore Diameter,42.0,41.975,42.025,mm,41.9936,1,0,,,Goods-in inspection,B-104-004-W27
INS-01814,2026-07-09,SUP-001,CMP-104,Cylindrical Grinding,Bore Diameter,42.0,41.975,42.025,mm,42.0023,1,0,,,Goods-in inspection,B-104-001-W27
INS-01821,2026-07-09,SUP-005,CMP-105,Cylindrical Grinding,Pitch Diameter,18.0,17.985,18.015,mm,18.0016,1,0,,,Goods-in inspection,B-105-005-W27
INS-01822,2026-07-09,SUP-005,CMP-105,Cylindrical Grinding,Pitch Diameter,18.0,17.985,18.015,mm,18.0059,1,0,,,Goods-in inspection,B-105-005-W27
INS-01829,2026-07-09,SUP-004,CMP-106,CNC Milling,Oil Port Position,12.0,11.96,12.04,mm,12.0096,1,0,,,Goods-in inspection,B-106-004-W27
INS-01835,2026-07-09,SUP-003,CMP-106,CNC Milling,Oil Port Position,12.0,11.96,12.04,mm,12.0203,1,0,,,Goods-in inspection,B-106-003-W27
INS-01781,2026-07-10,SUP-001,CMP-101,CNC Turning,Journal Diameter,25.0,24.98,25.02,mm,24.9977,1,0,,,Goods-in inspection,B-101-001-W27
INS-01782,2026-07-10,SUP-001,CMP-101,CNC Turning,Journal Diameter,25.0,24.98,25.02,mm,25.0097,1,0,,,Goods-in inspection,B-101-001-W27
INS-01794,2026-07-10,SUP-003,CMP-102,CNC Milling,Bore Diameter,60.0,59.95,60.05,mm,60.0103,1,0,,,Goods-in inspection,B-102-003-W27
INS-01802,2026-07-10,SUP-002,CMP-103,CNC Milling,Hub Thickness,8.0,7.97,8.03,mm,7.9984,1,0,,,Goods-in inspection,B-103-002-W27
INS-01810,2026-07-10,SUP-004,CMP-104,Cylindrical Grinding,Bore Diameter,42.0,41.975,42.025,mm,42.0134,1,0,,,Goods-in inspection,B-104-004-W27
INS-01823,2026-07-10,SUP-005,CMP-105,Cylindrical Grinding,Pitch Diameter,18.0,17.985,18.015,mm,17.9955,1,0,,,Goods-in inspection,B-105-005-W27
INS-01830,2026-07-10,SUP-004,CMP-106,CNC Milling,Oil Port Position,12.0,11.96,12.04,mm,11.9881,1,0,,,Goods-in inspection,B-106-004-W27
INS-01836,2026-07-10,SUP-003,CMP-106,CNC Milling,Oil Port Position,12.0,11.96,12.04,mm,11.9943,1,0,,,Goods-in inspection,B-106-003-W27
INS-01837,2026-07-13,SUP-001,CMP-101,CNC Turning,Journal Diameter,25.0,24.98,25.02,mm,24.9974,1,0,,,Goods-in inspection,B-101-001-W28
INS-01838,2026-07-13,SUP-001,CMP-101,CNC Turning,Journal Diameter,25.0,24.98,25.02,mm,25.0021,1,0,,,Goods-in inspection,B-101-001-W28
INS-01839,2026-07-13,SUP-001,CMP-101,CNC Turning,Journal Diameter,25.0,24.98,25.02,mm,25.0008,1,0,,,Goods-in inspection,B-101-001-W28
INS-01851,2026-07-13,SUP-002,CMP-101,CNC Turning,Journal Diameter,25.0,24.98,25.02,mm,25.0013,1,0,,,Goods-in inspection,B-101-002-W28
INS-01854,2026-07-13,SUP-003,CMP-102,CNC Milling,Bore Diameter,60.0,59.95,60.05,mm,59.9962,1,0,,,Goods-in inspection,B-102-003-W28
INS-01855,2026-07-13,SUP-003,CMP-102,CNC Milling,Bore Diameter,60.0,59.95,60.05,mm,59.982,1,0,,,Goods-in inspection,B-102-003-W28
INS-01863,2026-07-13,SUP-002,CMP-103,CNC Milling,Hub Thickness,8.0,7.97,8.03,mm,7.9962,1,0,,,Goods-in inspection,B-103-002-W28
INS-01864,2026-07-13,SUP-002,CMP-103,CNC Milling,Hub Thickness,8.0,7.97,8.03,mm,8.0045,1,0,,,Goods-in inspection,B-103-002-W28
INS-01871,2026-07-13,SUP-004,CMP-104,Cylindrical Grinding,Bore Diameter,42.0,41.975,42.025,mm,42.0005,1,0,,,Goods-in inspection,B-104-004-W28
INS-01872,2026-07-13,SUP-004,CMP-104,Cylindrical Grinding,Bore Diameter,42.0,41.975,42.025,mm,42.0076,1,0,,,Goods-in inspection,B-104-004-W28
INS-01879,2026-07-13,SUP-001,CMP-104,Cylindrical Grinding,Bore Diameter,42.0,41.975,42.025,mm,42.0006,1,0,,,Goods-in inspection,B-104-001-W28
INS-01883,2026-07-13,SUP-005,CMP-105,Cylindrical Grinding,Pitch Diameter,18.0,17.985,18.015,mm,17.9993,1,0,,,Goods-in inspection,B-105-005-W28
INS-01884,2026-07-13,SUP-005,CMP-105,Cylindrical Grinding,Pitch Diameter,18.0,17.985,18.015,mm,17.9994,1,0,,,Goods-in inspection,B-105-005-W28
INS-01892,2026-07-13,SUP-004,CMP-106,CNC Milling,Oil Port Position,12.0,11.96,12.04,mm,12.0019,1,0,,,Goods-in inspection,B-106-004-W28
INS-01893,2026-07-13,SUP-004,CMP-106,CNC Milling,Oil Port Position,12.0,11.96,12.04,mm,12.0016,1,0,,,Goods-in inspection,B-106-004-W28
INS-01899,2026-07-13,SUP-003,CMP-106,CNC Milling,Oil Port Position,12.0,11.96,12.04,mm,11.9971,1,0,,,Goods-in inspection,B-106-003-W28
INS-01900,2026-07-13,SUP-003,CMP-106,CNC Milling,Oil Port Position,12.0,11.96,12.04,mm,12.0177,1,0,,,Goods-in inspection,B-106-003-W28
INS-01840,2026-07-14,SUP-001,CMP-101,CNC Turning,Journal Diameter,25.0,24.98,25.02,mm,24.9992,1,0,,,Goods-in inspection,B-101-001-W28
INS-01841,2026-07-14,SUP-001,CMP-101,CNC Turning,Journal Diameter,25.0,24.98,25.02,mm,25.0003,1,0,,,Goods-in inspection,B-101-001-W28
INS-01842,2026-07-14,SUP-001,CMP-101,CNC Turning,Journal Diameter,25.0,24.98,25.02,mm,25.0008,1,0,,,Goods-in inspection,B-101-001-W28
INS-01852,2026-07-14,SUP-002,CMP-101,CNC Turning,Journal Diameter,25.0,24.98,25.02,mm,25.0018,1,0,,,Goods-in inspection,B-101-002-W28
INS-01856,2026-07-14,SUP-003,CMP-102,CNC Milling,Bore Diameter,60.0,59.95,60.05,mm,60.0204,1,0,,,Goods-in inspection,B-102-003-W28
INS-01857,2026-07-14,SUP-003,CMP-102,CNC Milling,Bore Diameter,60.0,59.95,60.05,mm,59.9803,1,0,,,Goods-in inspection,B-102-003-W28
INS-01865,2026-07-14,SUP-002,CMP-103,CNC Milling,Hub Thickness,8.0,7.97,8.03,mm,8.0017,1,0,,,Goods-in inspection,B-103-002-W28
INS-01866,2026-07-14,SUP-002,CMP-103,CNC Milling,Hub Thickness,8.0,7.97,8.03,mm,7.9939,1,0,,,Goods-in inspection,B-103-002-W28
INS-01873,2026-07-14,SUP-004,CMP-104,Cylindrical Grinding,Bore Diameter,42.0,41.975,42.025,mm,42.0078,1,0,,,Goods-in inspection,B-104-004-W28
INS-01874,2026-07-14,SUP-004,CMP-104,Cylindrical Grinding,Bore Diameter,42.0,41.975,42.025,mm,42.0109,1,0,,,Goods-in inspection,B-104-004-W28
INS-01880,2026-07-14,SUP-001,CMP-104,Cylindrical Grinding,Bore Diameter,42.0,41.975,42.025,mm,42.0034,1,0,,,Goods-in inspection,B-104-001-W28
INS-01885,2026-07-14,SUP-005,CMP-105,Cylindrical Grinding,Pitch Diameter,18.0,17.985,18.015,mm,17.9983,1,0,,,Goods-in inspection,B-105-005-W28
INS-01886,2026-07-14,SUP-005,CMP-105,Cylindrical Grinding,Pitch Diameter,18.0,17.985,18.015,mm,17.9976,1,0,,,Goods-in inspection,B-105-005-W28
INS-01894,2026-07-14,SUP-004,CMP-106,CNC Milling,Oil Port Position,12.0,11.96,12.04,mm,12.0088,1,0,,,Goods-in inspection,B-106-004-W28
INS-01901,2026-07-14,SUP-003,CMP-106,CNC Milling,Oil Port Position,12.0,11.96,12.04,mm,12.0104,1,0,,,Goods-in inspection,B-106-003-W28
INS-01843,2026-07-15,SUP-001,CMP-101,CNC Turning,Journal Diameter,25.0,24.98,25.02,mm,25.0008,1,0,,,Goods-in inspection,B-101-001-W28
INS-01844,2026-07-15,SUP-001,CMP-101,CNC Turning,Journal Diameter,25.0,24.98,25.02,mm,24.9997,1,0,,,Goods-in inspection,B-101-001-W28
INS-01845,2026-07-15,SUP-001,CMP-101,CNC Turning,Journal Diameter,25.0,24.98,25.02,mm,25.0001,1,0,,,Goods-in inspection,B-101-001-W28
INS-01858,2026-07-15,SUP-003,CMP-102,CNC Milling,Bore Diameter,60.0,59.95,60.05,mm,59.9997,1,0,,,Goods-in inspection,B-102-003-W28
INS-01859,2026-07-15,SUP-003,CMP-102,CNC Milling,Bore Diameter,60.0,59.95,60.05,mm,59.9981,1,0,,,Goods-in inspection,B-102-003-W28
INS-01867,2026-07-15,SUP-002,CMP-103,CNC Milling,Hub Thickness,8.0,7.97,8.03,mm,7.9906,1,0,,,Goods-in inspection,B-103-002-W28
INS-01875,2026-07-15,SUP-004,CMP-104,Cylindrical Grinding,Bore Diameter,42.0,41.975,42.025,mm,42.0004,1,0,,,Goods-in inspection,B-104-004-W28
INS-01881,2026-07-15,SUP-001,CMP-104,Cylindrical Grinding,Bore Diameter,42.0,41.975,42.025,mm,42.0055,1,0,,,Goods-in inspection,B-104-001-W28
INS-01887,2026-07-15,SUP-005,CMP-105,Cylindrical Grinding,Pitch Diameter,18.0,17.985,18.015,mm,17.9996,1,0,,,Goods-in inspection,B-105-005-W28
INS-01888,2026-07-15,SUP-005,CMP-105,Cylindrical Grinding,Pitch Diameter,18.0,17.985,18.015,mm,17.9997,1,0,,,Goods-in inspection,B-105-005-W28
INS-01895,2026-07-15,SUP-004,CMP-106,CNC Milling,Oil Port Position,12.0,11.96,12.04,mm,11.979,1,0,,,Goods-in inspection,B-106-004-W28
INS-01896,2026-07-15,SUP-004,CMP-106,CNC Milling,Oil Port Position,12.0,11.96,12.04,mm,12.001,1,0,,,Goods-in inspection,B-106-004-W28
INS-01902,2026-07-15,SUP-003,CMP-106,CNC Milling,Oil Port Position,12.0,11.96,12.04,mm,11.9859,1,0,,,Goods-in inspection,B-106-003-W28
INS-01846,2026-07-16,SUP-001,CMP-101,CNC Turning,Journal Diameter,25.0,24.98,25.02,mm,24.9987,1,0,,,Goods-in inspection,B-101-001-W28
INS-01847,2026-07-16,SUP-001,CMP-101,CNC Turning,Journal Diameter,25.0,24.98,25.02,mm,25.0038,1,0,,,Goods-in inspection,B-101-001-W28
INS-01848,2026-07-16,SUP-001,CMP-101,CNC Turning,Journal Diameter,25.0,24.98,25.02,mm,25.0023,1,0,,,Goods-in inspection,B-101-001-W28
INS-01853,2026-07-16,SUP-002,CMP-101,CNC Turning,Journal Diameter,25.0,24.98,25.02,mm,25.0003,1,0,,,Goods-in inspection,B-101-002-W28
INS-01860,2026-07-16,SUP-003,CMP-102,CNC Milling,Bore Diameter,60.0,59.95,60.05,mm,60.0037,1,0,,,Goods-in inspection,B-102-003-W28
INS-01861,2026-07-16,SUP-003,CMP-102,CNC Milling,Bore Diameter,60.0,59.95,60.05,mm,59.9901,1,0,,,Goods-in inspection,B-102-003-W28
INS-01868,2026-07-16,SUP-002,CMP-103,CNC Milling,Hub Thickness,8.0,7.97,8.03,mm,7.9965,1,0,,,Goods-in inspection,B-103-002-W28
INS-01869,2026-07-16,SUP-002,CMP-103,CNC Milling,Hub Thickness,8.0,7.97,8.03,mm,7.9975,1,0,,,Goods-in inspection,B-103-002-W28
INS-01876,2026-07-16,SUP-004,CMP-104,Cylindrical Grinding,Bore Diameter,42.0,41.975,42.025,mm,42.0108,1,0,,,Goods-in inspection,B-104-004-W28
INS-01877,2026-07-16,SUP-004,CMP-104,Cylindrical Grinding,Bore Diameter,42.0,41.975,42.025,mm,42.008,1,0,,,Goods-in inspection,B-104-004-W28
INS-01882,2026-07-16,SUP-001,CMP-104,Cylindrical Grinding,Bore Diameter,42.0,41.975,42.025,mm,42.0054,1,0,,,Goods-in inspection,B-104-001-W28
INS-01889,2026-07-16,SUP-005,CMP-105,Cylindrical Grinding,Pitch Diameter,18.0,17.985,18.015,mm,17.9993,1,0,,,Goods-in inspection,B-105-005-W28
INS-01890,2026-07-16,SUP-005,CMP-105,Cylindrical Grinding,Pitch Diameter,18.0,17.985,18.015,mm,18.0039,1,0,,,Goods-in inspection,B-105-005-W28
INS-01897,2026-07-16,SUP-004,CMP-106,CNC Milling,Oil Port Position,12.0,11.96,12.04,mm,11.984,1,0,,,Goods-in inspection,B-106-004-W28
INS-01903,2026-07-16,SUP-003,CMP-106,CNC Milling,Oil Port Position,12.0,11.96,12.04,mm,12.0028,1,0,,,Goods-in inspection,B-106-003-W28
INS-01849,2026-07-17,SUP-001,CMP-101,CNC Turning,Journal Diameter,25.0,24.98,25.02,mm,25.0016,1,0,,,Goods-in inspection,B-101-001-W28
INS-01850,2026-07-17,SUP-001,CMP-101,CNC Turning,Journal Diameter,25.0,24.98,25.02,mm,25.0056,1,0,,,Goods-in inspection,B-101-001-W28
INS-01862,2026-07-17,SUP-003,CMP-102,CNC Milling,Bore Diameter,60.0,59.95,60.05,mm,60.0105,1,0,,,Goods-in inspection,B-102-003-W28
INS-01870,2026-07-17,SUP-002,CMP-103,CNC Milling,Hub Thickness,8.0,7.97,8.03,mm,7.9929,1,0,,,Goods-in inspection,B-103-002-W28
INS-01878,2026-07-17,SUP-004,CMP-104,Cylindrical Grinding,Bore Diameter,42.0,41.975,42.025,mm,42.0104,1,0,,,Goods-in inspection,B-104-004-W28
INS-01891,2026-07-17,SUP-005,CMP-105,Cylindrical Grinding,Pitch Diameter,18.0,17.985,18.015,mm,17.9936,1,0,,,Goods-in inspection,B-105-005-W28
INS-01898,2026-07-17,SUP-004,CMP-106,CNC Milling,Oil Port Position,12.0,11.96,12.04,mm,11.9906,1,0,,,Goods-in inspection,B-106-004-W28
INS-01904,2026-07-17,SUP-003,CMP-106,CNC Milling,Oil Port Position,12.0,11.96,12.04,mm,11.9932,1,0,,,Goods-in inspection,B-106-003-W28
INS-01905,2026-07-20,SUP-001,CMP-101,CNC Turning,Journal Diameter,25.0,24.98,25.02,mm,24.9995,1,0,,,Goods-in inspection,B-101-001-W29
INS-01906,2026-07-20,SUP-001,CMP-101,CNC Turning,Journal Diameter,25.0,24.98,25.02,mm,24.9983,1,0,,,Goods-in inspection,B-101-001-W29
INS-01907,2026-07-20,SUP-001,CMP-101,CNC Turning,Journal Diameter,25.0,24.98,25.02,mm,25.0015,1,0,,,Goods-in inspection,B-101-001-W29
INS-01919,2026-07-20,SUP-002,CMP-101,CNC Turning,Journal Diameter,25.0,24.98,25.02,mm,24.9909,1,0,,,Goods-in inspection,B-101-002-W29
INS-01922,2026-07-20,SUP-003,CMP-102,CNC Milling,Bore Diameter,60.0,59.95,60.05,mm,60.0323,1,0,,,Goods-in inspection,B-102-003-W29
INS-01923,2026-07-20,SUP-003,CMP-102,CNC Milling,Bore Diameter,60.0,59.95,60.05,mm,59.9963,1,0,,,Goods-in inspection,B-102-003-W29
INS-01931,2026-07-20,SUP-002,CMP-103,CNC Milling,Hub Thickness,8.0,7.97,8.03,mm,7.9995,1,0,,,Goods-in inspection,B-103-002-W29
INS-01932,2026-07-20,SUP-002,CMP-103,CNC Milling,Hub Thickness,8.0,7.97,8.03,mm,8.0121,1,0,,,Goods-in inspection,B-103-002-W29
INS-01939,2026-07-20,SUP-004,CMP-104,Cylindrical Grinding,Bore Diameter,42.0,41.975,42.025,mm,42.0124,1,0,,,Goods-in inspection,B-104-004-W29
INS-01940,2026-07-20,SUP-004,CMP-104,Cylindrical Grinding,Bore Diameter,42.0,41.975,42.025,mm,41.9943,1,0,,,Goods-in inspection,B-104-004-W29
INS-01947,2026-07-20,SUP-001,CMP-104,Cylindrical Grinding,Bore Diameter,42.0,41.975,42.025,mm,42.0042,1,0,,,Goods-in inspection,B-104-001-W29
INS-01951,2026-07-20,SUP-005,CMP-105,Cylindrical Grinding,Pitch Diameter,18.0,17.985,18.015,mm,18.0046,1,0,,,Goods-in inspection,B-105-005-W29
INS-01952,2026-07-20,SUP-005,CMP-105,Cylindrical Grinding,Pitch Diameter,18.0,17.985,18.015,mm,18.0045,1,0,,,Goods-in inspection,B-105-005-W29
INS-01960,2026-07-20,SUP-004,CMP-106,CNC Milling,Oil Port Position,12.0,11.96,12.04,mm,11.9904,1,0,,,Goods-in inspection,B-106-004-W29
INS-01961,2026-07-20,SUP-004,CMP-106,CNC Milling,Oil Port Position,12.0,11.96,12.04,mm,12.0024,1,0,,,Goods-in inspection,B-106-004-W29
INS-01967,2026-07-20,SUP-003,CMP-106,CNC Milling,Oil Port Position,12.0,11.96,12.04,mm,11.9975,1,0,,,Goods-in inspection,B-106-003-W29
INS-01968,2026-07-20,SUP-003,CMP-106,CNC Milling,Oil Port Position,12.0,11.96,12.04,mm,12.0002,1,0,,,Goods-in inspection,B-106-003-W29
INS-01908,2026-07-21,SUP-001,CMP-101,CNC Turning,Journal Diameter,25.0,24.98,25.02,mm,25.0074,1,0,,,Goods-in inspection,B-101-001-W29
INS-01909,2026-07-21,SUP-001,CMP-101,CNC Turning,Journal Diameter,25.0,24.98,25.02,mm,25.0098,1,0,,,Goods-in inspection,B-101-001-W29
INS-01910,2026-07-21,SUP-001,CMP-101,CNC Turning,Journal Diameter,25.0,24.98,25.02,mm,24.994,1,0,,,Goods-in inspection,B-101-001-W29
INS-01920,2026-07-21,SUP-002,CMP-101,CNC Turning,Journal Diameter,25.0,24.98,25.02,mm,25.0098,1,0,,,Goods-in inspection,B-101-002-W29
INS-01924,2026-07-21,SUP-003,CMP-102,CNC Milling,Bore Diameter,60.0,59.95,60.05,mm,60.0204,1,0,,,Goods-in inspection,B-102-003-W29
INS-01925,2026-07-21,SUP-003,CMP-102,CNC Milling,Bore Diameter,60.0,59.95,60.05,mm,59.9981,1,0,,,Goods-in inspection,B-102-003-W29
INS-01933,2026-07-21,SUP-002,CMP-103,CNC Milling,Hub Thickness,8.0,7.97,8.03,mm,7.9904,1,0,,,Goods-in inspection,B-103-002-W29
INS-01934,2026-07-21,SUP-002,CMP-103,CNC Milling,Hub Thickness,8.0,7.97,8.03,mm,8.0072,1,0,,,Goods-in inspection,B-103-002-W29
INS-01941,2026-07-21,SUP-004,CMP-104,Cylindrical Grinding,Bore Diameter,42.0,41.975,42.025,mm,41.9967,1,0,,,Goods-in inspection,B-104-004-W29
INS-01942,2026-07-21,SUP-004,CMP-104,Cylindrical Grinding,Bore Diameter,42.0,41.975,42.025,mm,42.0043,1,0,,,Goods-in inspection,B-104-004-W29
INS-01948,2026-07-21,SUP-001,CMP-104,Cylindrical Grinding,Bore Diameter,42.0,41.975,42.025,mm,41.9948,1,0,,,Goods-in inspection,B-104-001-W29
INS-01953,2026-07-21,SUP-005,CMP-105,Cylindrical Grinding,Pitch Diameter,18.0,17.985,18.015,mm,17.9998,1,0,,,Goods-in inspection,B-105-005-W29
INS-01954,2026-07-21,SUP-005,CMP-105,Cylindrical Grinding,Pitch Diameter,18.0,17.985,18.015,mm,17.9975,1,0,,,Goods-in inspection,B-105-005-W29
INS-01962,2026-07-21,SUP-004,CMP-106,CNC Milling,Oil Port Position,12.0,11.96,12.04,mm,11.9995,1,0,,,Goods-in inspection,B-106-004-W29
INS-01969,2026-07-21,SUP-003,CMP-106,CNC Milling,Oil Port Position,12.0,11.96,12.04,mm,11.9845,1,0,,,Goods-in inspection,B-106-003-W29
INS-01911,2026-07-22,SUP-001,CMP-101,CNC Turning,Journal Diameter,25.0,24.98,25.02,mm,25.0048,1,0,,,Goods-in inspection,B-101-001-W29
INS-01912,2026-07-22,SUP-001,CMP-101,CNC Turning,Journal Diameter,25.0,24.98,25.02,mm,24.998,1,0,,,Goods-in inspection,B-101-001-W29
INS-01913,2026-07-22,SUP-001,CMP-101,CNC Turning,Journal Diameter,25.0,24.98,25.02,mm,24.998,1,0,,,Goods-in inspection,B-101-001-W29
INS-01926,2026-07-22,SUP-003,CMP-102,CNC Milling,Bore Diameter,60.0,59.95,60.05,mm,60.0187,1,0,,,Goods-in inspection,B-102-003-W29
INS-01927,2026-07-22,SUP-003,CMP-102,CNC Milling,Bore Diameter,60.0,59.95,60.05,mm,60.0075,1,0,,,Goods-in inspection,B-102-003-W29
INS-01935,2026-07-22,SUP-002,CMP-103,CNC Milling,Hub Thickness,8.0,7.97,8.03,mm,8.0044,1,0,,,Goods-in inspection,B-103-002-W29
INS-01943,2026-07-22,SUP-004,CMP-104,Cylindrical Grinding,Bore Diameter,42.0,41.975,42.025,mm,42.007,1,0,,,Goods-in inspection,B-104-004-W29
INS-01949,2026-07-22,SUP-001,CMP-104,Cylindrical Grinding,Bore Diameter,42.0,41.975,42.025,mm,41.9969,1,0,,,Goods-in inspection,B-104-001-W29
INS-01955,2026-07-22,SUP-005,CMP-105,Cylindrical Grinding,Pitch Diameter,18.0,17.985,18.015,mm,18.0027,1,0,,,Goods-in inspection,B-105-005-W29
INS-01956,2026-07-22,SUP-005,CMP-105,Cylindrical Grinding,Pitch Diameter,18.0,17.985,18.015,mm,18.0049,1,0,,,Goods-in inspection,B-105-005-W29
INS-01963,2026-07-22,SUP-004,CMP-106,CNC Milling,Oil Port Position,12.0,11.96,12.04,mm,11.9913,1,1,Surface finish,Minor,Final inspection,B-106-004-W29
INS-01964,2026-07-22,SUP-004,CMP-106,CNC Milling,Oil Port Position,12.0,11.96,12.04,mm,11.9978,1,0,,,Goods-in inspection,B-106-004-W29
INS-01970,2026-07-22,SUP-003,CMP-106,CNC Milling,Oil Port Position,12.0,11.96,12.04,mm,12.0167,1,0,,,Goods-in inspection,B-106-003-W29
INS-01914,2026-07-23,SUP-001,CMP-101,CNC Turning,Journal Diameter,25.0,24.98,25.02,mm,25.0029,1,0,,,Goods-in inspection,B-101-001-W29
INS-01915,2026-07-23,SUP-001,CMP-101,CNC Turning,Journal Diameter,25.0,24.98,25.02,mm,25.0043,1,0,,,Goods-in inspection,B-101-001-W29
INS-01916,2026-07-23,SUP-001,CMP-101,CNC Turning,Journal Diameter,25.0,24.98,25.02,mm,24.9958,1,0,,,Goods-in inspection,B-101-001-W29
INS-01921,2026-07-23,SUP-002,CMP-101,CNC Turning,Journal Diameter,25.0,24.98,25.02,mm,24.9988,1,0,,,Goods-in inspection,B-101-002-W29
INS-01928,2026-07-23,SUP-003,CMP-102,CNC Milling,Bore Diameter,60.0,59.95,60.05,mm,59.998,1,0,,,Goods-in inspection,B-102-003-W29
INS-01929,2026-07-23,SUP-003,CMP-102,CNC Milling,Bore Diameter,60.0,59.95,60.05,mm,60.0043,1,0,,,Goods-in inspection,B-102-003-W29
INS-01936,2026-07-23,SUP-002,CMP-103,CNC Milling,Hub Thickness,8.0,7.97,8.03,mm,7.9961,1,0,,,Goods-in inspection,B-103-002-W29
INS-01937,2026-07-23,SUP-002,CMP-103,CNC Milling,Hub Thickness,8.0,7.97,8.03,mm,7.9984,1,0,,,Goods-in inspection,B-103-002-W29
INS-01944,2026-07-23,SUP-004,CMP-104,Cylindrical Grinding,Bore Diameter,42.0,41.975,42.025,mm,42.0002,1,0,,,Goods-in inspection,B-104-004-W29
INS-01945,2026-07-23,SUP-004,CMP-104,Cylindrical Grinding,Bore Diameter,42.0,41.975,42.025,mm,42.0064,1,0,,,Goods-in inspection,B-104-004-W29
INS-01950,2026-07-23,SUP-001,CMP-104,Cylindrical Grinding,Bore Diameter,42.0,41.975,42.025,mm,42.0022,1,0,,,Goods-in inspection,B-104-001-W29
INS-01957,2026-07-23,SUP-005,CMP-105,Cylindrical Grinding,Pitch Diameter,18.0,17.985,18.015,mm,17.9901,1,0,,,Goods-in inspection,B-105-005-W29
INS-01958,2026-07-23,SUP-005,CMP-105,Cylindrical Grinding,Pitch Diameter,18.0,17.985,18.015,mm,18.0015,1,0,,,Goods-in inspection,B-105-005-W29
INS-01965,2026-07-23,SUP-004,CMP-106,CNC Milling,Oil Port Position,12.0,11.96,12.04,mm,12.0007,1,0,,,Goods-in inspection,B-106-004-W29
INS-01971,2026-07-23,SUP-003,CMP-106,CNC Milling,Oil Port Position,12.0,11.96,12.04,mm,12.0035,1,0,,,Goods-in inspection,B-106-003-W29
INS-01917,2026-07-24,SUP-001,CMP-101,CNC Turning,Journal Diameter,25.0,24.98,25.02,mm,24.9934,1,0,,,Goods-in inspection,B-101-001-W29
INS-01918,2026-07-24,SUP-001,CMP-101,CNC Turning,Journal Diameter,25.0,24.98,25.02,mm,25.0016,1,0,,,Goods-in inspection,B-101-001-W29
INS-01930,2026-07-24,SUP-003,CMP-102,CNC Milling,Bore Diameter,60.0,59.95,60.05,mm,60.013,1,0,,,Goods-in inspection,B-102-003-W29
INS-01938,2026-07-24,SUP-002,CMP-103,CNC Milling,Hub Thickness,8.0,7.97,8.03,mm,7.9882,1,0,,,Goods-in inspection,B-103-002-W29
INS-01946,2026-07-24,SUP-004,CMP-104,Cylindrical Grinding,Bore Diameter,42.0,41.975,42.025,mm,41.9989,1,0,,,Goods-in inspection,B-104-004-W29
INS-01959,2026-07-24,SUP-005,CMP-105,Cylindrical Grinding,Pitch Diameter,18.0,17.985,18.015,mm,18.0083,1,0,,,Goods-in inspection,B-105-005-W29
INS-01966,2026-07-24,SUP-004,CMP-106,CNC Milling,Oil Port Position,12.0,11.96,12.04,mm,12.0107,1,0,,,Goods-in inspection,B-106-004-W29
INS-01972,2026-07-24,SUP-003,CMP-106,CNC Milling,Oil Port Position,12.0,11.96,12.04,mm,12.0066,1,0,,,Goods-in inspection,B-106-003-W29
INS-01973,2026-07-27,SUP-001,CMP-101,CNC Turning,Journal Diameter,25.0,24.98,25.02,mm,24.9968,1,0,,,Goods-in inspection,B-101-001-W30
INS-01974,2026-07-27,SUP-001,CMP-101,CNC Turning,Journal Diameter,25.0,24.98,25.02,mm,24.9994,1,0,,,Goods-in inspection,B-101-001-W30
INS-01975,2026-07-27,SUP-001,CMP-101,CNC Turning,Journal Diameter,25.0,24.98,25.02,mm,24.9998,1,0,,,Goods-in inspection,B-101-001-W30
INS-01987,2026-07-27,SUP-002,CMP-101,CNC Turning,Journal Diameter,25.0,24.98,25.02,mm,24.9969,1,0,,,Goods-in inspection,B-101-002-W30
INS-01990,2026-07-27,SUP-003,CMP-102,CNC Milling,Bore Diameter,60.0,59.95,60.05,mm,60.0104,1,0,,,Goods-in inspection,B-102-003-W30
INS-01991,2026-07-27,SUP-003,CMP-102,CNC Milling,Bore Diameter,60.0,59.95,60.05,mm,60.0053,1,0,,,Goods-in inspection,B-102-003-W30
INS-01999,2026-07-27,SUP-002,CMP-103,CNC Milling,Hub Thickness,8.0,7.97,8.03,mm,7.9932,1,0,,,Goods-in inspection,B-103-002-W30
INS-02000,2026-07-27,SUP-002,CMP-103,CNC Milling,Hub Thickness,8.0,7.97,8.03,mm,8.016,1,0,,,Goods-in inspection,B-103-002-W30
INS-02007,2026-07-27,SUP-004,CMP-104,Cylindrical Grinding,Bore Diameter,42.0,41.975,42.025,mm,42.0063,1,0,,,Goods-in inspection,B-104-004-W30
INS-02008,2026-07-27,SUP-004,CMP-104,Cylindrical Grinding,Bore Diameter,42.0,41.975,42.025,mm,42.0109,1,0,,,Goods-in inspection,B-104-004-W30
INS-02015,2026-07-27,SUP-001,CMP-104,Cylindrical Grinding,Bore Diameter,42.0,41.975,42.025,mm,42.0023,1,0,,,Goods-in inspection,B-104-001-W30
INS-02019,2026-07-27,SUP-005,CMP-105,Cylindrical Grinding,Pitch Diameter,18.0,17.985,18.015,mm,18.0031,1,0,,,Goods-in inspection,B-105-005-W30
INS-02020,2026-07-27,SUP-005,CMP-105,Cylindrical Grinding,Pitch Diameter,18.0,17.985,18.015,mm,17.9999,1,0,,,Goods-in inspection,B-105-005-W30
INS-02028,2026-07-27,SUP-004,CMP-106,CNC Milling,Oil Port Position,12.0,11.96,12.04,mm,12.0157,1,0,,,Goods-in inspection,B-106-004-W30
INS-02029,2026-07-27,SUP-004,CMP-106,CNC Milling,Oil Port Position,12.0,11.96,12.04,mm,12.0309,1,0,,,Goods-in inspection,B-106-004-W30
INS-02035,2026-07-27,SUP-003,CMP-106,CNC Milling,Oil Port Position,12.0,11.96,12.04,mm,11.986,1,0,,,Goods-in inspection,B-106-003-W30
INS-02036,2026-07-27,SUP-003,CMP-106,CNC Milling,Oil Port Position,12.0,11.96,12.04,mm,12.0,1,0,,,Goods-in inspection,B-106-003-W30
INS-01976,2026-07-28,SUP-001,CMP-101,CNC Turning,Journal Diameter,25.0,24.98,25.02,mm,24.9909,1,0,,,Goods-in inspection,B-101-001-W30
INS-01977,2026-07-28,SUP-001,CMP-101,CNC Turning,Journal Diameter,25.0,24.98,25.02,mm,25.003,1,0,,,Goods-in inspection,B-101-001-W30
INS-01978,2026-07-28,SUP-001,CMP-101,CNC Turning,Journal Diameter,25.0,24.98,25.02,mm,24.997,1,0,,,Goods-in inspection,B-101-001-W30
INS-01988,2026-07-28,SUP-002,CMP-101,CNC Turning,Journal Diameter,25.0,24.98,25.02,mm,25.0053,1,0,,,Goods-in inspection,B-101-002-W30
INS-01992,2026-07-28,SUP-003,CMP-102,CNC Milling,Bore Diameter,60.0,59.95,60.05,mm,60.0211,1,0,,,Goods-in inspection,B-102-003-W30
INS-01993,2026-07-28,SUP-003,CMP-102,CNC Milling,Bore Diameter,60.0,59.95,60.05,mm,60.011,1,0,,,Goods-in inspection,B-102-003-W30
INS-02001,2026-07-28,SUP-002,CMP-103,CNC Milling,Hub Thickness,8.0,7.97,8.03,mm,7.9878,1,0,,,Goods-in inspection,B-103-002-W30
INS-02002,2026-07-28,SUP-002,CMP-103,CNC Milling,Hub Thickness,8.0,7.97,8.03,mm,7.9902,1,0,,,Goods-in inspection,B-103-002-W30
INS-02009,2026-07-28,SUP-004,CMP-104,Cylindrical Grinding,Bore Diameter,42.0,41.975,42.025,mm,42.0041,1,0,,,Goods-in inspection,B-104-004-W30
INS-02010,2026-07-28,SUP-004,CMP-104,Cylindrical Grinding,Bore Diameter,42.0,41.975,42.025,mm,42.0071,1,0,,,Goods-in inspection,B-104-004-W30
INS-02016,2026-07-28,SUP-001,CMP-104,Cylindrical Grinding,Bore Diameter,42.0,41.975,42.025,mm,42.0017,1,0,,,Goods-in inspection,B-104-001-W30
INS-02021,2026-07-28,SUP-005,CMP-105,Cylindrical Grinding,Pitch Diameter,18.0,17.985,18.015,mm,17.9988,1,0,,,Goods-in inspection,B-105-005-W30
INS-02022,2026-07-28,SUP-005,CMP-105,Cylindrical Grinding,Pitch Diameter,18.0,17.985,18.015,mm,18.005,1,0,,,Goods-in inspection,B-105-005-W30
INS-02030,2026-07-28,SUP-004,CMP-106,CNC Milling,Oil Port Position,12.0,11.96,12.04,mm,11.9952,1,0,,,Goods-in inspection,B-106-004-W30
INS-02037,2026-07-28,SUP-003,CMP-106,CNC Milling,Oil Port Position,12.0,11.96,12.04,mm,12.0006,1,0,,,Goods-in inspection,B-106-003-W30
INS-01979,2026-07-29,SUP-001,CMP-101,CNC Turning,Journal Diameter,25.0,24.98,25.02,mm,25.0071,1,0,,,Goods-in inspection,B-101-001-W30
INS-01980,2026-07-29,SUP-001,CMP-101,CNC Turning,Journal Diameter,25.0,24.98,25.02,mm,25.0049,1,0,,,Goods-in inspection,B-101-001-W30
INS-01981,2026-07-29,SUP-001,CMP-101,CNC Turning,Journal Diameter,25.0,24.98,25.02,mm,25.0015,1,0,,,Goods-in inspection,B-101-001-W30
INS-01994,2026-07-29,SUP-003,CMP-102,CNC Milling,Bore Diameter,60.0,59.95,60.05,mm,59.9934,1,1,Positional tolerance,Minor,CMM inspection,B-102-003-W30
INS-01995,2026-07-29,SUP-003,CMP-102,CNC Milling,Bore Diameter,60.0,59.95,60.05,mm,60.0066,1,0,,,Goods-in inspection,B-102-003-W30
INS-02003,2026-07-29,SUP-002,CMP-103,CNC Milling,Hub Thickness,8.0,7.97,8.03,mm,7.9991,1,0,,,Goods-in inspection,B-103-002-W30
INS-02011,2026-07-29,SUP-004,CMP-104,Cylindrical Grinding,Bore Diameter,42.0,41.975,42.025,mm,42.0051,1,0,,,Goods-in inspection,B-104-004-W30
INS-02017,2026-07-29,SUP-001,CMP-104,Cylindrical Grinding,Bore Diameter,42.0,41.975,42.025,mm,41.9981,1,0,,,Goods-in inspection,B-104-001-W30
INS-02023,2026-07-29,SUP-005,CMP-105,Cylindrical Grinding,Pitch Diameter,18.0,17.985,18.015,mm,18.0008,1,0,,,Goods-in inspection,B-105-005-W30
INS-02024,2026-07-29,SUP-005,CMP-105,Cylindrical Grinding,Pitch Diameter,18.0,17.985,18.015,mm,18.0007,1,0,,,Goods-in inspection,B-105-005-W30
INS-02031,2026-07-29,SUP-004,CMP-106,CNC Milling,Oil Port Position,12.0,11.96,12.04,mm,12.008,1,0,,,Goods-in inspection,B-106-004-W30
INS-02032,2026-07-29,SUP-004,CMP-106,CNC Milling,Oil Port Position,12.0,11.96,12.04,mm,12.0215,1,0,,,Goods-in inspection,B-106-004-W30
INS-02038,2026-07-29,SUP-003,CMP-106,CNC Milling,Oil Port Position,12.0,11.96,12.04,mm,11.9836,1,1,Visual defect,Minor,Goods-in inspection,B-106-003-W30
INS-01982,2026-07-30,SUP-001,CMP-101,CNC Turning,Journal Diameter,25.0,24.98,25.02,mm,25.0033,1,0,,,Goods-in inspection,B-101-001-W30
INS-01983,2026-07-30,SUP-001,CMP-101,CNC Turning,Journal Diameter,25.0,24.98,25.02,mm,24.9929,1,0,,,Goods-in inspection,B-101-001-W30
INS-01984,2026-07-30,SUP-001,CMP-101,CNC Turning,Journal Diameter,25.0,24.98,25.02,mm,25.0007,1,0,,,Goods-in inspection,B-101-001-W30
INS-01989,2026-07-30,SUP-002,CMP-101,CNC Turning,Journal Diameter,25.0,24.98,25.02,mm,25.0052,1,0,,,Goods-in inspection,B-101-002-W30
INS-01996,2026-07-30,SUP-003,CMP-102,CNC Milling,Bore Diameter,60.0,59.95,60.05,mm,60.0133,1,0,,,Goods-in inspection,B-102-003-W30
INS-01997,2026-07-30,SUP-003,CMP-102,CNC Milling,Bore Diameter,60.0,59.95,60.05,mm,59.9984,1,0,,,Goods-in inspection,B-102-003-W30
INS-02004,2026-07-30,SUP-002,CMP-103,CNC Milling,Hub Thickness,8.0,7.97,8.03,mm,8.0072,1,0,,,Goods-in inspection,B-103-002-W30
INS-02005,2026-07-30,SUP-002,CMP-103,CNC Milling,Hub Thickness,8.0,7.97,8.03,mm,8.0063,1,0,,,Goods-in inspection,B-103-002-W30
INS-02012,2026-07-30,SUP-004,CMP-104,Cylindrical Grinding,Bore Diameter,42.0,41.975,42.025,mm,42.0064,1,0,,,Goods-in inspection,B-104-004-W30
INS-02013,2026-07-30,SUP-004,CMP-104,Cylindrical Grinding,Bore Diameter,42.0,41.975,42.025,mm,42.01,1,0,,,Goods-in inspection,B-104-004-W30
INS-02018,2026-07-30,SUP-001,CMP-104,Cylindrical Grinding,Bore Diameter,42.0,41.975,42.025,mm,41.9993,1,0,,,Goods-in inspection,B-104-001-W30
INS-02025,2026-07-30,SUP-005,CMP-105,Cylindrical Grinding,Pitch Diameter,18.0,17.985,18.015,mm,17.9999,1,0,,,Goods-in inspection,B-105-005-W30
INS-02026,2026-07-30,SUP-005,CMP-105,Cylindrical Grinding,Pitch Diameter,18.0,17.985,18.015,mm,17.9983,1,0,,,Goods-in inspection,B-105-005-W30
INS-02033,2026-07-30,SUP-004,CMP-106,CNC Milling,Oil Port Position,12.0,11.96,12.04,mm,11.9921,1,0,,,Goods-in inspection,B-106-004-W30
INS-02039,2026-07-30,SUP-003,CMP-106,CNC Milling,Oil Port Position,12.0,11.96,12.04,mm,12.0052,1,0,,,Goods-in inspection,B-106-003-W30
INS-01985,2026-07-31,SUP-001,CMP-101,CNC Turning,Journal Diameter,25.0,24.98,25.02,mm,25.0005,1,0,,,Goods-in inspection,B-101-001-W30
INS-01986,2026-07-31,SUP-001,CMP-101,CNC Turning,Journal Diameter,25.0,24.98,25.02,mm,24.9978,1,0,,,Goods-in inspection,B-101-001-W30
INS-01998,2026-07-31,SUP-003,CMP-102,CNC Milling,Bore Diameter,60.0,59.95,60.05,mm,60.0,1,0,,,Goods-in inspection,B-102-003-W30
INS-02006,2026-07-31,SUP-002,CMP-103,CNC Milling,Hub Thickness,8.0,7.97,8.03,mm,8.0038,1,0,,,Goods-in inspection,B-103-002-W30
INS-02014,2026-07-31,SUP-004,CMP-104,Cylindrical Grinding,Bore Diameter,42.0,41.975,42.025,mm,42.0023,1,0,,,Goods-in inspection,B-104-004-W30
INS-02027,2026-07-31,SUP-005,CMP-105,Cylindrical Grinding,Pitch Diameter,18.0,17.985,18.015,mm,18.0041,1,0,,,Goods-in inspection,B-105-005-W30
INS-02034,2026-07-31,SUP-004,CMP-106,CNC Milling,Oil Port Position,12.0,11.96,12.04,mm,11.9858,1,0,,,Goods-in inspection,B-106-004-W30
INS-02040,2026-07-31,SUP-003,CMP-106,CNC Milling,Oil Port Position,12.0,11.96,12.04,mm,11.9876,1,0,,,Goods-in inspection,B-106-003-W30
